,Timestamps,Voltages,filtered_signal,envelope,start_rx,finish_rx,extracted_signal,distance,type,grid_x,grid_y,angle,real_x,real_y
0,0.0,65535,-684.1522202142403,1276.8185614538909,393.0,572.0,112.5039149979763,62.97660075,tall,18,3,45.0,50.0,50.0
1,8e-06,61743,5568.175853035371,7635.6858387875445,,,-4.658412708137248,,,,,,,
2,1.6e-05,65535,7406.160174953426,15641.363789242992,,,-89.18686852810983,,,,,,,
3,2.5e-05,1040,-22287.99272520704,22363.100518240935,,,101.25690973218079,,,,,,,
4,3.3e-05,63071,11030.023051060552,28052.860681075716,,,-36.92352478661684,,,,,,,
5,4.1e-05,65535,20885.827099536447,32724.86336424143,,,-61.825951596586734,,,,,,,
6,4.9e-05,1072,-34465.49699444146,35415.41670126723,,,131.5009378811345,,,,,,,
7,5.7e-05,53677,8557.9223178769,36723.71023248537,,,-98.19760460387619,,,,,,,
8,6.6e-05,65535,28406.522252089828,37148.25559488869,,,-51.55548588110083,,,,,,,
9,7.4e-05,1072,-33059.980078084845,35986.303357025456,,,199.43459244430636,,,,,,,
10,8.2e-05,44682,2375.5282359271505,33238.97259799577,,,-169.06586143611526,,,,,,,
11,9e-05,65535,25010.262292330273,29335.839487471872,,,-66.42946579029169,,,,,,,
12,9.8e-05,1056,-20590.593198099992,24184.85379622727,,,286.79987326046734,,,,,,,
13,0.000107,35368,-1415.000530494544,18204.933379852035,,,-225.264729718161,,,,,,,
14,0.000115,65535,11006.874261695993,11995.387565264075,,,-106.78221432296714,,,,,,,
15,0.000123,52540,-4390.405539607375,5435.607400356325,,,369.53196693214005,,,,,,,
16,0.000131,1024,1255.2685218824195,1712.199372876256,,,-247.8968781597653,,,,,,,
17,0.00014,1072,-8204.112770976099,8212.054926340086,,,-164.35055058046729,,,,,,,
18,0.000148,65535,7832.101536944661,14535.396549161454,,,425.13422980962696,,,,,,,
19,0.000156,65535,10073.949539606032,20392.74094828906,,,-230.84562478150696,,,,,,,
20,0.000164,1072,-25387.7284047332,25414.850900079924,,,-221.03980564328486,,,,,,,
21,0.000172,39593,12221.83030876287,29735.28403600188,,,437.85151590784506,,,,,,,
22,0.000181,65535,21072.931945619777,33504.94789900712,,,-186.08708344314087,,,,,,,
23,0.000189,1184,-35681.38183719269,36496.3350472413,,,-250.67706369754333,,,,,,,
24,0.000197,34248,10137.747271485961,38733.422814585014,,,404.93399168699733,,,,,,,
25,0.000205,65535,29660.540520504775,40350.72070083396,,,-142.9305501119614,,,,,,,
26,0.000213,1104,-38876.79685733392,41280.86494714698,,,-229.21291766288132,,,,,,,
27,0.000222,32776,6165.5938260876255,41736.6202640697,,,341.3006372028818,,,,,,,
28,0.00023,65535,33474.9996435033,41992.86953933771,,,-136.1453931353205,,,,,,,
29,0.000238,1056,-38455.05524356866,41974.30090773787,,,-149.2091883065438,,,,,,,
30,0.000246,37785,4706.220568114843,41759.264723336586,,,275.20150676293383,,,,,,,
31,0.000254,65535,33073.190855214096,41558.732306372716,,,-187.43461632761185,,,,,,,
32,0.000263,1072,-38507.09286492603,41360.09243739485,,,-26.197754038855493,,,,,,,
33,0.000271,52812,7588.195926919916,41324.46412713342,,,233.8770616823219,,,,,,,
34,0.000279,65535,30443.77387738893,41642.19303105715,,,-293.273009811597,,,,,,,
35,0.000287,1056,-40869.46332827232,42163.50887262967,,,110.2665428340845,,,,,,,
36,0.000295,65535,13847.947480080258,42843.34541256163,,,228.22716064305544,,,,,,,
37,0.000304,65535,26888.15808911234,43660.38285010104,,,-428.57939890094053,,,,,,,
38,0.000312,1072,-44207.616220824035,44375.899357107446,,,235.1743327559027,,,,,,,
39,0.00032,65535,21138.013756687662,44951.93456437805,,,247.51014620175525,,,,,,,
40,0.000328,65535,21963.75074685783,45360.18971518681,,,-563.9742664916946,,,,,,,
41,0.000337,1056,-45249.84111764985,45366.371235626415,,,343.60723170293727,,,,,,,
42,0.000345,65535,27362.09254941996,44931.39215215287,,,267.7996798103805,,,,,,,
43,0.000353,65535,14159.891998888921,44040.45457756909,,,-686.2026253076347,,,,,,,
44,0.000361,1072,-41059.941543819936,42597.74820535487,,,454.46659608180596,,,,,,,
45,0.000369,65535,31411.635091793698,40785.5600252906,,,269.57167773897834,,,,,,,
46,0.000378,53116,2662.3375690814783,38786.43907452402,,,-811.9098329758145,,,,,,,
47,0.000386,1056,-30843.747401102104,36686.35671452434,,,601.1907805744582,,,,,,,
48,0.000394,65535,32823.32666831148,34773.160832925234,,,256.65532441195603,,,,,,,
49,0.000402,28951,-11163.601741194761,33209.00629353899,,,-988.839672070203,,,,,,,
50,0.00041,3776,-16326.518358041145,32049.997606261048,,,812.5677515507268,,,,,,,
51,0.000419,65535,31020.86662785117,31449.097003039224,,,268.14725895189196,,,,,,,
52,0.000427,1360,-23706.84927808676,31280.836032286945,,,-1280.8437170923194,,,,,,,
53,0.000435,33096,-720.885198874026,31357.867465876163,,,1090.089652907956,,,,,,,
54,0.000443,65535,25022.33294660801,31559.48645956887,,,374.23855306747157,,,,,,,
55,0.000451,1040,-30640.685334929425,31587.553478849426,,,-1737.7935287320872,,,,,,,
56,0.00046,65535,12878.627829950156,31307.399420112128,,,1392.9478605770912,,,,,,,
57,0.000468,65535,14040.66854765009,30719.553334072447,,,650.803317482067,,,,,,,
58,0.000476,1072,-29162.222137170764,29793.72740462047,,,-2360.8352820838995,,,,,,,
59,0.000484,65535,22612.69966456308,28770.540120075624,,,1642.944699905203,,,,,,,
60,0.000492,45243,-1377.473119680941,27946.82644813289,,,1138.575920286933,,,,,,,
61,0.000501,1024,-19526.96296866983,27553.30646822754,,,-3081.9937658411163,,,,,,,
62,0.000509,65535,27898.645760485593,27925.065345389452,,,1754.1206512956312,,,,,,,
63,0.000517,1088,-18617.132035502505,29120.024602611553,,,1806.6992801245751,,,,,,,
64,0.000525,56205,-4867.245902225884,30993.078021560425,,,-3775.608391267283,,,,,,,
65,0.000534,65535,28691.064435834352,33376.16709832643,,,1675.0944287119926,,,,,,,
66,0.000542,1088,-33507.477182106566,35905.91599858683,,,2545.5033214880723,,,,,,,
67,0.00055,65535,10546.949217206346,38320.35073848437,,,-4300.826040225618,,,,,,,
68,0.000558,65535,24864.043564320706,40457.58018395786,,,1418.4246922545658,,,,,,,
69,0.000566,1088,-42041.84835449116,42079.87828068022,,,3197.7071471983713,,,,,,,
70,0.000575,65535,23356.402241914468,43113.67264440471,,,-4551.947664862969,,,,,,,
71,0.000583,63999,16363.394970734664,43560.28888125162,,,1058.1812579497273,,,,,,,
72,0.000591,1088,-42256.193417497605,43396.08120432304,,,3611.6368035542428,,,,,,,
73,0.000599,65535,32150.92634218815,42786.85561802524,,,-4489.72782375194,,,,,,,
74,0.000607,36856,3909.6763748903713,41917.47610803929,,,699.1609126393272,,,,,,,
75,0.000616,1024,-35031.82317038504,40911.82881896453,,,3688.9889519700696,,,,,,,
76,0.000624,65535,37126.76984001259,40006.64408664517,,,-4143.1424024661865,,,,,,,
77,0.000632,14803,-10530.222069662897,39345.03575807853,,,436.83120485519385,,,,,,,
78,0.00064,7985,-23395.306606171573,38978.13664729959,,,3409.0170656708915,,,,,,,
79,0.000648,65535,39003.90956131197,39006.15531413908,,,-3589.075139180606,,,,,,,
80,0.000657,1152,-24049.137702257754,39361.5967384131,,,326.53045298062545,,,,,,,
81,0.000665,20485,-10898.992823537634,39913.74609000458,,,2826.652284534684,,,,,,,
82,0.000673,65535,38125.04445185737,40574.31285227497,,,-2924.2697983556322,,,,,,,
83,0.000681,1072,-33773.05798146591,41130.03980166284,,,371.0619627052277,,,,,,,
84,0.000689,32071,-85.34059187068524,41419.76409402413,,,2052.1498834249,,,,,,,
85,0.000698,65535,34255.081163125666,41383.50765865458,,,-2240.9763824005026,,,,,,,
86,0.000706,1040,-37947.40273441751,40913.95554387266,,,525.8182566151635,,,,,,,
87,0.000714,42346,8234.858709451615,40013.335893967705,,,1222.0089853736765,,,,,,,
88,0.000722,65535,27033.93964060548,38757.215412464924,,,-1609.8653907076562,,,,,,,
89,0.000731,1056,-36580.52980109805,37152.91942262308,,,715.4283163487623,,,,,,,
90,0.000739,49884,14725.034975851308,35310.5272384479,,,466.71373245091615,,,,,,,
91,0.000747,64127,16677.77767840352,33399.28391327408,,,-1069.5220062924006,,,,,,,
92,0.000755,1120,-31360.181903661098,31547.547860553575,,,858.1874706974739,,,,,,,
93,0.000763,53180,20601.391092169277,29998.058194732686,,,-120.19333704363356,,,,,,,
94,0.000772,35320,4438.9359062054,28971.543028035278,,,-625.9815519473538,,,,,,,
95,0.00078,1024,-24891.24147417532,28556.744385026257,,,894.2837191589365,,,,,,,
96,0.000788,50828,26617.387689784035,28834.12423840895,,,-500.60726985813346,,,,,,,
97,0.000796,1040,-7512.84242109685,29722.15872334632,,,-265.7285135747387,,,,,,,
98,0.000804,1040,-19609.465750550316,31022.69954291478,,,805.9462575037853,,,,,,,
99,0.000813,50844,32506.591584965772,32598.231606599726,,,-687.7838058912603,,,,,,,
100,0.000821,1040,-16771.305344576926,34252.98911336951,,,25.66302550005364,,,,,,,
101,0.000829,1072,-16894.526357900006,35810.50703855365,,,617.407855142737,,,,,,,
102,0.000837,54045,37120.279139847145,37188.76523915061,,,-724.9226310830824,,,,,,,
103,0.000845,1040,-21553.98540604752,38254.4147068254,,,253.27256489386335,,,,,,,
104,0.000854,1216,-16769.414258216533,38909.342561146346,,,376.93761049070986,,,,,,,
105,0.000862,57614,39059.68965839009,39158.457198730226,,,-663.1882287416691,,,,,,,
106,0.00087,1104,-21285.39831722687,38976.128470015065,,,415.7048868130173,,,,,,,
107,0.000878,1664,-18202.256598075423,38363.95281072166,,,135.65286797246728,,,,,,,
108,0.000886,59630,37386.33525640455,37386.47161025394,,,-550.2119091585789,,,,,,,
109,0.000895,1328,-16688.886706062476,36044.99719573055,,,513.100815727736,,,,,,,
110,0.000903,3296,-19744.7377110562,34354.01258156134,,,-65.13585656895637,,,,,,,
111,0.000911,58766,32083.776146732005,32413.987060456628,,,-426.3222854313009,,,,,,,
112,0.000919,17188,-9438.705493950685,30292.936747645876,,,550.5900444170472,,,,,,,
113,0.000928,7233,-20196.59773755245,28053.940140557268,,,-198.58344247690906,,,,,,,
114,0.000936,54189,24125.050711460455,25807.325461055658,,,-320.37904712536755,,,,,,,
115,0.000944,30311,-1547.0896470486139,23607.817206880754,,,536.4693064076658,,,,,,,
116,0.000952,12226,-19051.859247338605,21494.757005080777,,,-255.6401561226945,,,,,,,
117,0.00096,45243,15141.15203652581,19581.783909130943,,,-244.24439460383303,,,,,,,
118,0.000969,37097,5284.538686123774,17953.30818090899,,,481.0905426987766,,,,,,,
119,0.000977,16660,-16574.360771956533,16625.881070403768,,,-247.9581115361182,,,,,,,
120,0.000985,36937,6832.995632024697,15620.965085079524,,,-192.4116546547269,,,,,,,
121,0.000993,41914,10100.953709433103,14921.833427432075,,,398.8578191026698,,,,,,,
122,0.001001,18660,-13509.080418242052,14455.102024065713,,,-204.51169718632949,,,,,,,
123,0.00101,31655,401.79470204034277,14183.680355201512,,,-150.47177243728672,,,,,,,
124,0.001018,43978,12760.393743655155,14075.298083297328,,,309.050119215048,,,,,,,
125,0.001026,20741,-10624.657010107152,14030.332620221403,,,-158.79168313731174,,,,,,,
126,0.001034,28486,-3737.533446509792,13979.126645238955,,,-107.37490414252008,,,,,,,
127,0.001042,45050,13678.417499781019,13915.050676019226,,,230.90493890444768,,,,,,,
128,0.001051,22821,-8355.378738726244,13806.555086223882,,,-132.42071431285177,,,,,,,
129,0.001059,26326,-5872.688887585799,13645.21562683139,,,-62.30804044215404,,,,,,,
130,0.001067,44906,13450.93174334187,13461.911644651922,,,174.6430420764725,,,,,,,
131,0.001075,24277,-6707.422750969146,13227.99632493939,,,-125.98702575139146,,,,,,,
132,0.001083,25430,-6660.7193524485165,12920.431682559938,,,-21.901479312358568,,,,,,,
133,0.001092,44378,12567.50106276473,12577.936636887092,,,135.61115044350166,,,,,,,
134,0.0011,25766,-5409.835643349498,12201.981119834398,,,-123.02026438111395,,,,,,,
135,0.001108,24870,-6762.416854758033,11791.047815358905,,,8.009683279163847,,,,,,,
136,0.001116,43082,11312.965015091533,11380.99250958122,,,97.09934713746316,,,,,,,
137,0.001124,27398,-4161.129076014158,10951.48536707726,,,-103.31290680244305,,,,,,,
138,0.001133,24950,-6616.201435835607,10478.437309748288,,,28.42082559207408,,,,,,,
139,0.001141,41242,9822.66101434953,9999.770497874184,,,40.786555891335894,,,,,,,
140,0.001149,29143,-2811.1043621906238,9521.712312581956,,,-56.42906110246813,,,,,,,
141,0.001157,24886,-6401.136285971508,9038.7121582879,,,46.50690496958896,,,,,,,
142,0.001166,39817,8187.036227195142,8582.347560936363,,,-41.28762982691218,,,,,,,
143,0.001174,30583,-1399.1463093910038,8138.218383722983,,,12.400490399807108,,,,,,,
144,0.001182,25270,-6129.3553772316645,7680.88354206365,,,69.19305554446501,,,,,,,
145,0.00119,37929,6515.263594031449,7246.639025026499,,,-140.51956756616298,,,,,,,
146,0.001198,31815,-72.58412087354557,6848.562741857587,,,86.68730841690652,,,,,,,
147,0.001207,25670,-5766.5777169781895,6471.723381428615,,,96.54761487634241,,,,,,,
148,0.001215,36520,4929.457582193443,6134.842722761835,,,-236.05677380936956,,,,,,,
149,0.001223,32663,1031.5357615902885,5827.656116357447,,,149.1036548736377,,,,,,,
150,0.001231,26358,-5305.30068073898,5519.490291740504,,,121.83881484845777,,,,,,,
151,0.001239,35064,3519.2676320358864,5238.331579745644,,,-307.0145740741745,,,,,,,
152,0.001248,33368,1861.6007308976625,5001.979844263297,,,188.73337748012548,,,,,,,
153,0.001256,27014,-4772.537417992214,4784.335723927601,,,138.8971070799722,,,,,,,
154,0.001264,34120,2307.616658280435,4589.463537806091,,,-342.43964448499037,,,,,,,
155,0.001272,33672,2451.881929633158,4417.343140879918,,,200.20997311944112,,,,,,,
156,0.00128,27478,-4201.145443418001,4241.042241246697,,,148.5513316940125,,,,,,,
157,0.001289,33080,1258.8917725336148,4081.6836706101794,,,-341.50935895073087,,,,,,,
158,0.001297,34376,2870.7853461376544,3964.1673348223894,,,179.90854745900353,,,,,,,
159,0.001305,28022,-3606.1608419519544,3859.846942206654,,,156.72678171281925,,,,,,,
160,0.001313,31943,322.4810416043457,3761.352001969677,,,-308.03976180385337,,,,,,,
161,0.001321,34824,3165.8284167835222,3680.834694455255,,,126.96486307872247,,,,,,,
162,0.00133,28422,-2986.9711896666377,3600.531825533727,,,167.96997655921663,,,,,,,
163,0.001338,30951,-522.4558639801343,3530.337127978135,,,-249.13948990069252,,,,,,,
164,0.001346,35160,3342.131816818427,3495.353158889155,,,47.76876643378465,,,,,,,
165,0.001354,29175,-2346.4309791875376,3466.917327825388,,,184.87782303091976,,,,,,,
166,0.001363,30391,-1251.9000379801507,3425.1796208685623,,,-179.32654741657188,,,,,,,
167,0.001371,34792,3377.9011649617337,3389.292822602003,,,-45.40714472374006,,,,,,,
168,0.001379,30231,-1705.2957016617231,3351.1898447728568,,,215.30908718776195,,,,,,,
169,0.001387,29671,-1816.3326859514962,3307.220312033556,,,-120.39232397432849,,,,,,,
170,0.001395,34696,3255.3431136207996,3278.390155252116,,,-144.7233281699129,,,,,,,
171,0.001404,30631,-1100.321598748999,3242.8709408590407,,,276.54274163646824,,,,,,,
172,0.001412,29159,-2175.091952150968,3176.6691958011543,,,-90.29312296706168,,,,,,,
173,0.00142,35032,2983.6247288464224,3104.5237791941413,,,-256.6908699884248,,,,,,,
174,0.001428,30919,-571.0636068309517,3029.941065209915,,,386.44518098953984,,,,,,,
175,0.001436,29319,-2321.7479734358785,2942.951704752702,,,-87.22317271149235,,,,,,,
176,0.001445,34328,2603.536384746509,2862.3406304536393,,,-399.82438684909494,,,,,,,
177,0.001453,31335,-146.73850074177497,2776.5595077441358,,,544.4651916481018,,,,,,,
178,0.001461,29511,-2288.386240465263,2662.753235163542,,,-83.04955451082445,,,,,,,
179,0.001469,33816,2175.6704496105276,2547.373618454162,,,-587.2882230276824,,,,,,,
180,0.001477,31511,160.25716803229264,2441.451469859175,,,,,,,,,,
181,0.001486,29783,-2130.9507738005846,2330.63583886871,,,,,,,,,,
182,0.001494,33192,1759.9183097630485,2229.039235938353,,,,,,,,,,
183,0.001502,32055,354.12317548255515,2131.0332857126314,,,,,,,,,,
184,0.00151,29735,-1906.6035079264384,2013.4470835830687,,,,,,,,,,
185,0.001518,32695,1395.9966368842727,1899.5871275495215,,,,,,,,,,
186,0.001527,32263,452.03064311759414,1802.687141558156,,,,,,,,,,
187,0.001535,29943,-1655.5736764398798,1704.0120627503982,,,,,,,,,,
188,0.001543,32711,1092.90891130016,1612.1777863421853,,,,,,,,,,
189,0.001551,32359,479.98122704932894,1524.6155067611655,,,,,,,,,,
190,0.00156,29863,-1394.7082705495652,1418.0023258043889,,,,,,,,,,
191,0.001568,32776,830.865084310864,1312.3296771782304,,,,,,,,,,
192,0.001576,32007,468.4357698357369,1222.1106742195875,,,,,,,,,,
193,0.001584,30567,-1122.5247078856328,1127.312508252346,,,,,,,,,,
194,0.001592,32167,574.2681097493526,1033.2403235454117,,,,,,,,,,
195,0.001601,31943,446.70293464290205,941.1495379502991,,,,,,,,,,
196,0.001609,30871,-830.641050076454,831.0562400826626,,,,,,,,,,
197,0.001617,31911,290.4217479928995,722.3438551237822,,,,,,,,,,
198,0.001625,32039,436.1873581213839,636.762309321085,,,,,,,,,,
199,0.001633,31111,-515.7951540989461,560.0894458905683,,,,,,,,,,
200,0.001642,31543,-32.95732133177215,493.80273507354923,,,,,,,,,,
201,0.00165,31863,445.1769365954491,455.87564240649345,,,,,,,,,,
202,0.001658,31431,-188.96890894847508,450.82983913133324,,,,,,,,,,
203,0.001666,31303,-378.3207311375272,483.9653312505825,,,,,,,,,,
204,0.001674,32199,469.4146327319544,556.9684213726852,,,,,,,,,,
205,0.001683,31671,120.7707606694015,645.5260215396062,,,,,,,,,,
206,0.001691,30919,-702.4288547970253,721.0904995516527,,,,,,,,,,
207,0.001699,32151,499.6957802669256,796.7335542190674,,,,,,,,,,
208,0.001707,31959,371.05967025355494,881.6918752322622,,,,,,,,,,
209,0.001715,30503,-954.3478567608915,955.1563965494832,,,,,,,,,,
210,0.001724,32311,531.1319251781315,1018.5899931529556,,,,,,,,,,
211,0.001732,32151,521.5540009267943,1072.9454253634005,,,,,,,,,,
212,0.00174,30487,-1098.9394161171122,1098.967724361112,,,,,,,,,,
213,0.001748,31991,565.2968405184318,1112.5673557006762,,,,,,,,,,
214,0.001757,32295,554.6241753077592,1129.4259360930378,,,,,,,,,,
215,0.001765,30471,-1131.6794000405043,1131.8157801020714,,,,,,,,,,
216,0.001773,32071,602.1838611165837,1124.9418878950264,,,,,,,,,,
217,0.001781,32055,488.5471860329337,1113.527632359635,,,,,,,,,,
218,0.001789,30663,-1075.4275957844334,1080.2248406597155,,,,,,,,,,
219,0.001798,32247,629.9318209216441,1042.1847041940612,,,,,,,,,,
220,0.001806,31959,371.9045515921629,1013.3849567749932,,,,,,,,,,
221,0.001814,30535,-963.450640505273,977.1699541727103,,,,,,,,,,
222,0.001822,32455,624.4988775698066,940.6720094961963,,,,,,,,,,
223,0.00183,31831,260.8300738356657,904.2881962476544,,,,,,,,,,
224,0.001839,30823,-822.9440503539349,849.2401808379132,,,,,,,,,,
225,0.001847,32087,562.7490114707199,792.3060216589237,,,,,,,,,,
226,0.001855,31623,193.61999176704947,744.1083852133021,,,,,,,,,,
227,0.001863,31063,-669.8812852295864,690.0681796070922,,,,,,,,,,
228,0.001871,32071,439.66184184208015,638.1706141691926,,,,,,,,,,
229,0.00188,32007,177.9152110117294,587.7331432429179,,,,,,,,,,
230,0.001888,30839,-514.4500026906553,522.3422133302347,,,,,,,,,,
231,0.001896,32071,276.3499299980699,459.3445453448745,,,,,,,,,,
232,0.001904,31847,195.4977291549234,412.77491104432676,,,,,,,,,,
233,0.001912,31367,-368.24630059964625,369.6327060556023,,,,,,,,,,
234,0.001921,31575,112.26741671211711,331.70515655441176,,,,,,,,,,
235,0.001929,31831,218.1622585093187,302.5183380930752,,,,,,,,,,
236,0.001937,31623,-244.82562934190605,269.5386979000956,,,,,,,,,,
237,0.001945,31623,-13.566318943536773,242.37042068531034,,,,,,,,,,
238,0.001954,31815,222.6004880138612,235.3925918507589,,,,,,,,,,
239,0.001962,31431,-153.08358691527573,230.0754035726945,,,,,,,,,,
240,0.00197,31495,-79.39730444618192,213.53173762822047,,,,,,,,,,
241,0.001978,31831,196.6564902437061,197.80234774687275,,,,,,,,,,
242,0.001986,31639,-91.41351340825499,178.38223238150468,,,,,,,,,,
243,0.001995,31623,-85.43909763986221,154.17758665893535,,,,,,,,,,
244,0.002003,31831,138.8313087954176,139.26483216664369,,,,,,,,,,
245,0.002011,31383,-50.00894029908998,121.53761142460974,,,,,,,,,,
246,0.002019,31527,-47.01915781755093,88.33312233773766,,,,,,,,,,
247,0.002027,31831,56.71080378543265,57.429898068094126,,,,,,,,,,
248,0.002036,31479,-19.822912444003478,25.771824643452327,,,,,,,,,,
249,0.002044,31703,15.90361955562501,16.363181974096072,,,,,,,,,,
250,0.002052,31559,-34.06640918110919,41.106819267136764,,,,,,,,,,
251,0.00206,31719,-0.039214025704737955,64.24516963485813,,,,,,,,,,
252,0.002068,31671,86.2387698420672,100.09257639458872,,,,,,,,,,
253,0.002077,31511,-113.14959323267746,132.50619344193413,,,,,,,,,,
254,0.002085,31655,1.9544649729847463,155.6439656698896,,,,,,,,,,
255,0.002093,32023,153.16590063149596,179.14388513898254,,,,,,,,,,
256,0.002101,31223,-162.3828762476385,193.09806459369673,,,,,,,,,,
257,0.002109,31703,-23.45596255987339,203.48834283630552,,,,,,,,,,
258,0.002118,31975,212.54454462617957,225.39969958538194,,,,,,,,,,
259,0.002126,31495,-171.97263504594594,245.17190488114144,,,,,,,,,,
260,0.002134,31703,-81.56918203337236,254.6136051268356,,,,,,,,,,
261,0.002142,31783,263.4085491299851,265.75420797096706,,,,,,,,,,
262,0.00215,31751,-140.71541081482158,275.7248757612188,,,,,,,,,,
263,0.002159,31431,-168.50969935755796,285.2806945276804,,,,,,,,,,
264,0.002167,31655,300.0392677474025,306.31140555714825,,,,,,,,,,
265,0.002175,31623,-71.81398563754117,327.8820178301102,,,,,,,,,,
266,0.002183,31415,-267.07300394889353,336.29027036965437,,,,,,,,,,
267,0.002192,32055,305.1689097758461,344.42960913733447,,,,,,,,,,
268,0.0022,31703,28.40594705955357,356.43734334990376,,,,,,,,,,
269,0.002208,31303,-345.2777382244362,363.9349842281174,,,,,,,,,,
270,0.002216,31911,253.84653658590872,371.5667653355322,,,,,,,,,,
271,0.002224,31687,145.66253013444774,375.72513626124345,,,,,,,,,,
272,0.002233,31335,-363.83277697449233,363.83302360531997,,,,,,,,,,
273,0.002241,31831,130.63383940146417,348.3309034360688,,,,,,,,,,
274,0.002249,32087,253.20479805301926,342.3872568650304,,,,,,,,,,
275,0.002257,31223,-294.85785251070024,336.06624868589375,,,,,,,,,,
276,0.002265,31959,-50.50111230099013,326.330256617111,,,,,,,,,,
277,0.002274,31767,317.0115011131288,321.917141105366,,,,,,,,,,
278,0.002282,31463,-143.31979031037656,322.3661135438878,,,,,,,,,,
279,0.00229,31511,-240.5730818995364,330.08076952204976,,,,,,,,,,
280,0.002298,32263,312.15153603559094,351.6044938632762,,,,,,,,,,
281,0.002306,31671,44.75149129527112,375.45218386093785,,,,,,,,,,
282,0.002315,31111,-373.451789842696,386.1825970873399,,,,,,,,,,
283,0.002323,31815,239.8107067142303,392.9147057681336,,,,,,,,,,
284,0.002331,32375,198.56152367080213,402.0312483017129,,,,,,,,,,
285,0.002339,31095,-398.820543652828,401.11720817426044,,,,,,,,,,
286,0.002347,31751,129.73141086322156,388.8359324395554,,,,,,,,,,
287,0.002356,31879,257.90259934735764,367.3333336762381,,,,,,,,,,
288,0.002364,31431,-308.03801519543714,327.51151139779745,,,,,,,,,,
289,0.002372,31799,22.80755790370925,278.0254718889227,,,,,,,,,,
290,0.00238,31719,205.29607950757838,232.34752511106598,,,,,,,,,,
291,0.002389,31671,-135.15717244693764,181.80218510758334,,,,,,,,,,
292,0.002397,31591,-53.78999441075552,124.63246274228558,,,,,,,,,,
293,0.002405,31847,73.2994373005684,80.94029517189828,,,,,,,,,,
294,0.002413,31719,64.82792856012355,89.06053781370609,,,,,,,,,,
295,0.002421,31431,-100.14957699197522,139.29229427996012,,,,,,,,,,
296,0.00243,31639,-76.0954598290847,191.29714740870176,,,,,,,,,,
297,0.002438,31847,243.39536971594927,243.56947917440775,,,,,,,,,,
298,0.002446,31831,-137.3048477499124,291.50225073525354,,,,,,,,,,
299,0.002454,31271,-185.01546934631145,332.3437820589132,,,,,,,,,,
300,0.002462,32199,374.8584413432579,375.6168778619282,,,,,,,,,,
301,0.002471,31511,-187.17215243470747,412.87384314945103,,,,,,,,,,
302,0.002479,31271,-225.82825436586697,435.5231668607406,,,,,,,,,,
303,0.002487,32279,455.17353089377656,455.26449130997474,,,,,,,,,,
304,0.002495,31431,-253.56805276145252,470.32923292899324,,,,,,,,,,
305,0.002503,31767,-206.07325763062624,479.204152670227,,,,,,,,,,
306,0.002512,31767,489.25936077147315,492.9919816040932,,,,,,,,,,
307,0.00252,31175,-318.40864902845163,502.6346242865405,,,,,,,,,,
308,0.002528,31879,-153.1486498887931,501.04040617883373,,,,,,,,,,
309,0.002536,32199,480.74906619285485,497.9066196185832,,,,,,,,,,
310,0.002544,31207,-355.8362367749426,488.2389636357746,,,,,,,,,,
311,0.002553,31287,-93.95298767967111,472.8057180079712,,,,,,,,,,
312,0.002561,32423,433.6649339918319,462.5238152854756,,,,,,,,,,
313,0.002569,31511,-351.3780559847507,447.72904086822734,,,,,,,,,,
314,0.002577,31239,-45.68242334614069,424.1016878630998,,,,,,,,,,
315,0.002586,32151,360.322320994788,400.2763433752499,,,,,,,,,,
316,0.002594,31399,-308.73219916034196,370.6852022400167,,,,,,,,,,
317,0.002602,31927,-18.515994952165233,338.75072573428577,,,,,,,,,,
318,0.00261,31655,280.9433255539258,315.217555573914,,,,,,,,,,
319,0.002618,31319,-241.41325240009994,290.6633564014163,,,,,,,,,,
320,0.002627,31863,-17.330299415045438,261.5081140611625,,,,,,,,,,
321,0.002635,31751,211.68681749154482,234.92976403769975,,,,,,,,,,
322,0.002643,31559,-162.88302329737868,205.65911521573665,,,,,,,,,,
323,0.002651,31735,-36.274254141251504,176.9660665713128,,,,,,,,,,
324,0.002659,31911,154.3115325318072,158.6332216517091,,,,,,,,,,
325,0.002668,31719,-85.65311671713486,141.78204881222678,,,,,,,,,,
326,0.002676,31431,-55.37445501606429,119.55987049761714,,,,,,,,,,
327,0.002684,31895,99.40765205626604,99.47550749279209,,,,,,,,,,
328,0.002692,31559,-24.68347427085779,80.513257008729,,,,,,,,,,
329,0.0027,31751,-49.30229996627897,60.99268338226743,,,,,,,,,,
330,0.002709,31943,39.436806371329155,45.91463754318384,,,,,,,,,,
331,0.002717,31799,5.214387733142044,29.81182763609944,,,,,,,,,,
332,0.002725,31463,-4.926419728390419,6.184645506655072,,,,,,,,,,
333,0.002733,31607,-22.17172966605674,25.12099672843677,,,,,,,,,,
334,0.002741,31767,-0.21644242947205483,49.210621525742866,,,,,,,,,,
335,0.00275,31879,66.6823050874899,74.93584294033163,,,,,,,,,,
336,0.002758,31559,-74.86292985622671,96.63112106822312,,,,,,,,,,
337,0.002766,31799,-25.800321814501014,116.1076667503188,,,,,,,,,,
338,0.002774,31751,135.5916341375932,140.79813946998289,,,,,,,,,,
339,0.002783,31607,-113.3622002536919,161.68828615707136,,,,,,,,,,
340,0.002791,31511,-41.22525609412167,173.3721973022888,,,,,,,,,,
341,0.002799,32311,173.25915365405427,183.2154746943715,,,,,,,,,,
342,0.002807,31463,-144.85660891706692,187.46978914372932,,,,,,,,,,
343,0.002815,31447,-19.775489854206793,188.25346730676662,,,,,,,,,,
344,0.002824,31847,171.33128905192228,195.46977922725517,,,,,,,,,,
345,0.002832,31799,-181.73978250853224,202.18892644414518,,,,,,,,,,
346,0.00284,31831,42.02005594298194,207.856147597592,,,,,,,,,,
347,0.002848,31479,142.9871338254583,218.73618754345685,,,,,,,,,,
348,0.002856,31335,-226.0700266954345,226.91463880557006,,,,,,,,,,
349,0.002865,32103,121.13474868996332,236.5314079500002,,,,,,,,,,
350,0.002873,31895,107.03992939328144,252.30029257859158,,,,,,,,,,
351,0.002881,31367,-262.0823319109959,264.71364818866107,,,,,,,,,,
352,0.002889,31783,184.5755343554806,275.1765240836012,,,,,,,,,,
353,0.002897,31943,71.24530930870309,282.91748705911647,,,,,,,,,,
354,0.002906,31543,-265.2112514244599,279.06742262907414,,,,,,,,,,
355,0.002914,32023,210.94486383513706,270.4872806289037,,,,,,,,,,
356,0.002922,31703,29.270444381854887,260.8683945050591,,,,,,,,,,
357,0.00293,31479,-219.15786325549777,244.66559008370922,,,,,,,,,,
358,0.002938,31911,200.4819795582398,227.78992839858648,,,,,,,,,,
359,0.002947,31655,-29.61186332235596,210.0180002452823,,,,,,,,,,
360,0.002955,31751,-127.11424010446953,186.76562191231656,,,,,,,,,,
361,0.002963,31847,169.859387606462,169.86640318998633,,,,,,,,,,
362,0.002971,31703,-108.26009477936213,161.30819485299062,,,,,,,,,,
363,0.00298,31623,-10.841872213406976,161.39491927831662,,,,,,,,,,
364,0.002988,31943,138.54831212162904,177.72875270070526,,,,,,,,,,
365,0.002996,31719,-195.53386851546125,199.78944197997026,,,,,,,,,,
366,0.003004,31767,100.26311030345617,224.3382897885796,,,,,,,,,,
367,0.003012,31751,116.19277907624023,251.407252504622,,,,,,,,,,
368,0.003021,31271,-269.9162150448184,271.53514789134965,,,,,,,,,,
369,0.003029,32151,183.46036357987305,288.8079160540221,,,,,,,,,,
370,0.003037,31847,98.50091802620605,306.7788862030967,,,,,,,,,,
371,0.003045,31287,-311.0519320698287,318.8776955605096,,,,,,,,,,
372,0.003053,31879,232.0185162486567,327.8390207410258,,,,,,,,,,
373,0.003062,31799,74.18300253386599,333.6466986178284,,,,,,,,,,
374,0.00307,31543,-311.8814491612111,330.0867208539324,,,,,,,,,,
375,0.003078,31863,253.5616118424994,324.05943819060207,,,,,,,,,,
376,0.003086,31799,37.55522577600427,319.3708805670843,,,,,,,,,,
377,0.003094,31607,-282.20102530664263,311.71171926177124,,,,,,,,,,
378,0.003103,31975,259.3255846962364,305.6017926469564,,,,,,,,,,
379,0.003111,31847,-4.010606894966315,299.89006773716955,,,,,,,,,,
380,0.003119,31431,-240.9256528950989,288.5681339116678,,,,,,,,,,
381,0.003127,31959,254.06376535950048,278.00439859467434,,,,,,,,,,
382,0.003135,31895,-34.33099907007832,269.42251891378544,,,,,,,,,,
383,0.003144,31415,-203.72521087371075,259.00196557526397,,,,,,,,,,
384,0.003152,32295,234.9085746290815,251.08033177456645,,,,,,,,,,
385,0.00316,31479,-40.7918121863926,242.5377990299817,,,,,,,,,,
386,0.003168,31623,-175.21247667196528,227.6788801024973,,,,,,,,,,
387,0.003176,31975,198.93963942918086,212.52420377687753,,,,,,,,,,
388,0.003185,31575,-25.291336506685894,198.42176071105914,,,,,,,,,,
389,0.003193,31815,-150.13609212665426,182.889263874636,,,,,,,,,,
390,0.003201,31863,152.27234556982003,170.21315341689285,,,,,,,,,,
391,0.003209,31703,-5.479181114478844,158.24905065305526,,,,,,,,,,
392,0.003218,31623,-121.52631849179427,142.0138809531862,,,,,,,,,,
393,0.003226,31703,112.5039149979763,127.59402799272257,,,,,,,,,,
394,0.003234,32167,-4.658412708137248,117.342734786136,,,,,,,,,,
395,0.003242,31447,-89.18686852810983,108.60922101681119,,,,,,,,,,
396,0.00325,31895,101.25690973218079,106.66487073831516,,,,,,,,,,
397,0.003259,31655,-36.92352478661684,110.82376766343029,,,,,,,,,,
398,0.003267,31879,-61.825951596586734,117.4822986390712,,,,,,,,,,
399,0.003275,31847,131.5009378811345,132.2461679431044,,,,,,,,,,
400,0.003283,31527,-98.19760460387619,152.28856511845024,,,,,,,,,,
401,0.003291,31863,-51.55548588110083,175.66950448113494,,,,,,,,,,
402,0.0033,31991,199.43459244430636,206.22945181432812,,,,,,,,,,
403,0.003308,31591,-169.06586143611526,238.16816713981873,,,,,,,,,,
404,0.003316,31479,-66.42946579029169,267.5705494328476,,,,,,,,,,
405,0.003324,32215,286.79987326046734,297.4570689774532,,,,,,,,,,
406,0.003332,31783,-225.264729718161,324.90701918998997,,,,,,,,,,
407,0.003341,31287,-106.78221432296714,349.7139462837171,,,,,,,,,,
408,0.003349,32135,369.53196693214005,375.83454638999626,,,,,,,,,,
409,0.003357,31431,-247.8968781597653,398.50307833642137,,,,,,,,,,
410,0.003365,31895,-164.35055058046729,414.20536125889384,,,,,,,,,,
411,0.003373,32231,425.13422980962696,426.55255951198467,,,,,,,,,,
412,0.003382,31079,-230.84562478150696,434.264755238363,,,,,,,,,,
413,0.00339,32007,-221.03980564328486,436.88817110894814,,,,,,,,,,
414,0.003398,32007,437.85151590784506,438.29120572844374,,,,,,,,,,
415,0.003406,31751,-186.08708344314087,434.9953955430426,,,,,,,,,,
416,0.003415,31431,-250.67706369754333,423.5783336596235,,,,,,,,,,
417,0.003423,32023,404.93399168699733,408.3502161874786,,,,,,,,,,
418,0.003431,31927,-142.9305501119614,389.5704519795476,,,,,,,,,,
419,0.003439,31127,-229.21291766288132,366.6701467895767,,,,,,,,,,
420,0.003447,32327,341.3006372028818,344.20811493172306,,,,,,,,,,
421,0.003456,31751,-136.1453931353205,321.001662180228,,,,,,,,,,
422,0.003464,31479,-149.2091883065438,296.1801295562426,,,,,,,,,,
423,0.003472,32231,275.20150676293383,277.0568207826446,,,,,,,,,,
424,0.00348,31319,-187.43461632761185,265.9720119837593,,,,,,,,,,
425,0.003488,31943,-26.197754038855493,265.66177835905404,,,,,,,,,,
426,0.003497,31847,233.8770616823219,281.52649126921955,,,,,,,,,,
427,0.003505,31351,-293.273009811597,308.6008865085263,,,,,,,,,,
428,0.003513,32135,110.2665428340845,343.8492369850901,,,,,,,,,,
429,0.003521,31847,228.22716064305544,386.0796658654374,,,,,,,,,,
430,0.003529,31351,-428.57939890094053,429.09131373232964,,,,,,,,,,
431,0.003538,31799,235.1743327559027,473.28446928203874,,,,,,,,,,
432,0.003546,32055,247.51014620175525,519.8843677163072,,,,,,,,,,
433,0.003554,31303,-563.9742664916946,564.7151914354622,,,,,,,,,,
434,0.003562,31975,343.60723170293727,608.3085423061009,,,,,,,,,,
435,0.00357,31911,267.7996798103805,651.3201733682639,,,,,,,,,,
436,0.003579,31143,-686.2026253076347,691.3126010805998,,,,,,,,,,
437,0.003587,32279,454.46659608180596,732.2741071996044,,,,,,,,,,
438,0.003595,32087,269.57167773897834,777.959475665699,,,,,,,,,,
439,0.003603,30727,-811.9098329758145,827.5825354849916,,,,,,,,,,
440,0.003612,32295,601.1907805744582,884.5985655396346,,,,,,,,,,
441,0.00362,32023,256.65532441195603,951.3023857744574,,,,,,,,,,
442,0.003628,30823,-988.839672070203,1026.9516573601284,,,,,,,,,,
443,0.003636,32583,812.5677515507268,1116.17197194728,,,,,,,,,,
444,0.003644,31927,268.14725895189196,1221.9926138481737,,,,,,,,,,
445,0.003653,30263,-1280.8437170923194,1343.1438347336327,,,,,,,,,,
446,0.003661,32824,1090.089652907956,1481.4677957649671,,,,,,,,,,
447,0.003669,32519,374.23855306747157,1636.653297721234,,,,,,,,,,
448,0.003677,29975,-1737.7935287320872,1805.7388124029158,,,,,,,,,,
449,0.003685,33016,1392.9478605770912,1990.3945963721499,,,,,,,,,,
450,0.003694,32231,650.803317482067,2190.843950280582,,,,,,,,,,
451,0.003702,29703,-2360.8352820838995,2403.3077063571586,,,,,,,,,,
452,0.00371,33640,1642.944699905203,2626.3676366339514,,,,,,,,,,
453,0.003718,32327,1138.575920286933,2857.170319764861,,,,,,,,,,
454,0.003726,28903,-3081.9937658411163,3090.304179247999,,,,,,,,,,
455,0.003735,33400,1754.1206512956312,3324.12407658206,,,,,,,,,,
456,0.003743,33944,1806.6992801245751,3556.273786057002,,,,,,,,,,
457,0.003751,27750,-3775.608391267283,3780.4444544592534,,,,,,,,,,
458,0.003759,33592,1675.0944287119926,3992.444298162892,,,,,,,,,,
459,0.003767,34440,2545.5033214880723,4188.264478886892,,,,,,,,,,
460,0.003776,27366,-4300.826040225618,4361.90900202136,,,,,,,,,,
461,0.003784,33128,1418.4246922545658,4510.831585324551,,,,,,,,,,
462,0.003792,35208,3197.7071471983713,4633.115310283397,,,,,,,,,,
463,0.0038,27318,-4551.947664862969,4723.7751553012895,,,,,,,,,,
464,0.003809,32872,1058.1812579497273,4780.1606978508935,,,,,,,,,,
465,0.003817,35128,3611.6368035542428,4801.2467151745695,,,,,,,,,,
466,0.003825,27270,-4489.72782375194,4784.705663085346,,,,,,,,,,
467,0.003833,32551,699.1609126393272,4731.240733553352,,,,,,,,,,
468,0.003841,35624,3688.9889519700696,4642.8857332016405,,,,,,,,,,
469,0.00385,27606,-4143.1424024661865,4519.267891955939,,,,,,,,,,
470,0.003858,32071,436.83120485519385,4362.068237637653,,,,,,,,,,
471,0.003866,35032,3409.0170656708915,4174.854314066999,,,,,,,,,,
472,0.003874,28518,-3589.075139180606,3960.0088018244705,,,,,,,,,,
473,0.003882,32263,326.53045298062545,3722.1609049093404,,,,,,,,,,
474,0.003891,34392,2826.652284534684,3467.0667112214205,,,,,,,,,,
475,0.003899,28839,-2924.2697983556322,3198.3057155731976,,,,,,,,,,
476,0.003907,32087,371.0619627052277,2920.96598275669,,,,,,,,,,
477,0.003915,34360,2052.1498834249,2641.4459206597785,,,,,,,,,,
478,0.003923,29159,-2240.9763824005026,2364.828780437512,,,,,,,,,,
479,0.003932,32135,525.8182566151635,2097.8480709986793,,,,,,,,,,
480,0.00394,33256,1222.0089853736765,1847.6737109521846,,,,,,,,,,
481,0.003948,30263,-1609.8653907076562,1619.3781734069619,,,,,,,,,,
482,0.003956,32679,715.4283163487623,1418.9141440327355,,,,,,,,,,
483,0.003964,31703,466.71373245091615,1251.4819246860354,,,,,,,,,,
484,0.003973,30951,-1069.5220062924006,1119.2094767104438,,,,,,,,,,
485,0.003981,32968,858.1874706974739,1022.8228016495118,,,,,,,,,,
486,0.003989,31575,-120.19333704363356,958.7076365280464,,,,,,,,,,
487,0.003997,31191,-625.9815519473538,919.1544539777632,,,,,,,,,,
488,0.004006,32647,894.2837191589365,896.1783436852866,,,,,,,,,,
489,0.004014,31399,-500.60726985813346,881.316695070477,,,,,,,,,,
490,0.004022,31559,-265.7285135747387,868.0309971560301,,,,,,,,,,
491,0.00403,32407,805.9462575037853,852.9275931173529,,,,,,,,,,
492,0.004038,31415,-687.7838058912603,833.7768338931623,,,,,,,,,,
493,0.004047,31799,25.66302550005364,810.2177406519381,,,,,,,,,,
494,0.004055,32343,617.407855142737,783.1807743242425,,,,,,,,,,
495,0.004063,31255,-724.9226310830824,753.510488330908,,,,,,,,,,
496,0.004071,31943,253.27256489386335,722.7705921279185,,,,,,,,,,
497,0.004079,32231,376.93761049070986,692.6859325670084,,,,,,,,,,
498,0.004088,30903,-663.1882287416691,664.5866439568272,,,,,,,,,,
499,0.004096,32487,415.7048868130173,639.7891484106897,,,,,,,,,,
500,0.004104,32119,135.65286797246728,619.0289621784627,,,,,,,,,,
501,0.004112,31207,-550.2119091585789,602.4701302543749,,,,,,,,,,
502,0.00412,32071,513.100815727736,589.7811038835047,,,,,,,,,,
503,0.004129,31927,-65.13585656895637,580.1538531435244,,,,,,,,,,
504,0.004137,31287,-426.3222854313009,572.6338353941454,,,,,,,,,,
505,0.004145,32471,550.5900444170472,565.800289907869,,,,,,,,,,
506,0.004153,31447,-198.58344247690906,558.3266364339386,,,,,,,,,,
507,0.004161,31511,-320.37904712536755,549.1856902878184,,,,,,,,,,
508,0.00417,32487,536.4693064076658,537.1470242245114,,,,,,,,,,
509,0.004178,31319,-255.6401561226945,521.8283722782916,,,,,,,,,,
510,0.004186,31783,-244.24439460383303,503.36112299998643,,,,,,,,,,
511,0.004194,32263,481.0905426987766,481.41847382516823,,,,,,,,,,
512,0.004202,31463,-247.9581115361182,456.4610430900204,,,,,,,,,,
513,0.004211,31831,-192.4116546547269,429.1648205082694,,,,,,,,,,
514,0.004219,32039,398.8578191026698,399.62769409361687,,,,,,,,,,
515,0.004227,31943,-204.51169718632949,369.1437561891264,,,,,,,,,,
516,0.004235,31399,-150.47177243728672,339.1252842852278,,,,,,,,,,
517,0.004244,32151,309.050119215048,309.72119676516564,,,,,,,,,,
518,0.004252,31847,-158.79168313731174,281.8444792228898,,,,,,,,,,
519,0.00426,31559,-107.37490414252008,256.23487263427614,,,,,,,,,,
520,0.004268,32151,230.90493890444768,232.46253941461464,,,,,,,,,,
521,0.004276,31527,-132.42071431285177,211.61545031552808,,,,,,,,,,
522,0.004285,31927,-62.30804044215404,194.5705293819862,,,,,,,,,,
523,0.004293,32007,174.6430420764725,180.31869507794585,,,,,,,,,,
524,0.004301,31703,-125.98702575139146,168.99614962519811,,,,,,,,,,
525,0.004309,31719,-21.901479312358568,159.9236366370653,,,,,,,,,,
526,0.004317,32023,135.61115044350166,150.91069436182354,,,,,,,,,,
527,0.004326,31479,-123.02026438111395,142.1011325507446,,,,,,,,,,
528,0.004334,31959,8.009683279163847,132.94845127113283,,,,,,,,,,
529,0.004342,31735,97.09934713746316,121.67148777120101,,,,,,,,,,
530,0.00435,31943,-103.31290680244305,108.80686752806284,,,,,,,,,,
531,0.004358,31847,28.42082559207408,93.62356740012358,,,,,,,,,,
532,0.004367,31831,40.786555891335894,75.3803808540406,,,,,,,,,,
533,0.004375,31655,-56.42906110246813,58.31567158276608,,,,,,,,,,
534,0.004383,31879,46.50690496958896,48.448387226391226,,,,,,,,,,
535,0.004391,32039,-41.28762982691218,55.36430904314032,,,,,,,,,,
536,0.004399,31831,12.400490399807108,78.21945487737918,,,,,,,,,,
537,0.004408,31639,69.19305554446501,107.51051010079411,,,,,,,,,,
538,0.004416,31655,-140.51956756616298,140.82606768209524,,,,,,,,,,
539,0.004424,32023,86.68730841690652,174.81614445172823,,,,,,,,,,
540,0.004432,31991,96.54761487634241,206.47770953649214,,,,,,,,,,
541,0.004441,31511,-236.05677380936956,236.55887303723995,,,,,,,,,,
542,0.004449,31879,149.1036548736377,263.72465046247703,,,,,,,,,,
543,0.004457,32039,121.83881484845777,287.09411691839875,,,,,,,,,,
544,0.004465,31335,-307.0145740741745,308.32932897808615,,,,,,,,,,
545,0.004473,31799,188.73337748012548,325.454239751607,,,,,,,,,,
546,0.004482,32247,138.8971070799722,336.7324916485859,,,,,,,,,,
547,0.00449,31175,-342.43964448499037,344.1406271478684,,,,,,,,,,
548,0.004498,32199,200.20997311944112,347.1316688330307,,,,,,,,,,
549,0.004506,31559,148.5513316940125,345.6496948195588,,,,,,,,,,
550,0.004514,31975,-341.50935895073087,342.2329460380753,,,,,,,,,,
551,0.004523,31895,179.90854745900353,335.17843893164576,,,,,,,,,,
552,0.004531,31591,156.72678171281925,322.89197146260227,,,,,,,,,,
553,0.004539,31463,-308.03976180385337,308.0895250573472,,,,,,,,,,
554,0.004547,32135,126.96486307872247,291.0861841950186,,,,,,,,,,
555,0.004555,32311,167.96997655921663,272.3535969092511,,,,,,,,,,
556,0.004564,31463,-249.13948990069252,255.38297547500144,,,,,,,,,,
557,0.004572,31527,47.76876643378465,239.79119630987623,,,,,,,,,,
558,0.00458,32135,184.87782303091976,224.63983979484638,,,,,,,,,,
559,0.004588,31527,-179.32654741657188,214.44203689939192,,,,,,,,,,
560,0.004596,31927,-45.40714472374006,212.32741811516163,,,,,,,,,,
561,0.004605,32023,215.30908718776195,217.79507167172903,,,,,,,,,,
562,0.004613,31575,-120.39232397432849,231.7660264215251,,,,,,,,,,
563,0.004621,31671,-144.7233281699129,253.74120629877007,,,,,,,,,,
564,0.004629,32135,276.54274163646824,280.5921359169131,,,,,,,,,,
565,0.004638,31879,-90.29312296706168,314.16467767028604,,,,,,,,,,
566,0.004646,31527,-256.6908699884248,357.12360380641593,,,,,,,,,,
567,0.004654,32231,386.44518098953984,406.1604670981014,,,,,,,,,,
568,0.004662,31895,-87.22317271149235,460.47648263885196,,,,,,,,,,
569,0.00467,31495,-399.82438684909494,521.119020892666,,,,,,,,,,
570,0.004679,32103,544.4651916481018,584.708562010806,,,,,,,,,,
571,0.004687,31767,-83.04955451082445,651.8187275634008,,,,,,,,,,
572,0.004695,31383,-587.2882230276824,724.4002678575806,,,,,,,,,,
573,0.004703,32519,717.2895475322202,797.2268319267432,,,,,,,,,,
574,0.004711,31799,-36.51463669696993,867.2726916983349,,,,,,,,,,
575,0.00472,30759,-805.4052886310232,934.5588683825583,,,,,,,,,,
576,0.004728,32808,845.1693997729388,994.7375712157159,,,,,,,,,,
577,0.004736,31703,78.1012469045255,1047.292448846022,,,,,,,,,,
578,0.004744,31063,-1006.3759342052192,1094.3905616306215,,,,,,,,,,
579,0.004752,32663,871.3210305671956,1130.9669941559696,,,,,,,,,,
580,0.004761,32103,246.0495251372225,1153.8769126511902,,,,,,,,,,
581,0.004769,30551,-1125.9749241152517,1165.2838005101523,,,,,,,,,,
582,0.004777,32920,777.7922425444079,1163.3265134481967,,,,,,,,,,
583,0.004785,32087,411.0762979390228,1148.5468419012009,,,,,,,,,,
584,0.004793,30679,-1118.7703417624714,1125.4239598788893,,,,,,,,,,
585,0.004802,32503,602.8757564354004,1091.210916763159,,,,,,,,,,
586,0.00481,32503,503.43024399615194,1043.8618043112858,,,,,,,,,,
587,0.004818,30887,-988.5257706591984,988.6408531986244,,,,,,,,,,
588,0.004826,32007,424.62787125254,926.7698564255868,,,,,,,,,,
589,0.004835,32615,481.09139349031585,859.5595574422351,,,,,,,,,,
590,0.004843,31111,-790.988770086728,793.4231734550225,,,,,,,,,,
591,0.004851,31911,317.6756148149221,727.817086928695,,,,,,,,,,
592,0.004859,32359,355.97347329216643,661.9852239447823,,,,,,,,,,
593,0.004867,31367,-603.7034870964457,603.7157016672517,,,,,,,,,,
594,0.004876,32375,311.5378793410002,555.2816068621673,,,,,,,,,,
595,0.004884,31559,185.5358060722678,518.2921128133141,,,,,,,,,,
596,0.004892,31479,-482.65392418907385,499.0564949848783,,,,,,,,,,
597,0.0049,32471,379.3011111972106,492.83424487170623,,,,,,,,,,
598,0.004908,31991,36.71790796644877,494.7993347937101,,,,,,,,,,
599,0.004917,31303,-436.5509206726472,505.3601939611518,,,,,,,,,,
600,0.004925,32295,461.7905629779715,517.0686862506983,,,,,,,,,,
601,0.004933,31783,-49.689744718297554,528.1219234790012,,,,,,,,,,
602,0.004941,31415,-434.17364882725093,541.0029472881183,,,,,,,,,,
603,0.004949,32279,505.38181611683626,548.773165463338,,,,,,,,,,
604,0.004958,32071,-70.67750883134237,549.1456021629255,,,,,,,,,,
605,0.004966,31463,-433.1654355873628,544.4607301258694,,,,,,,,,,
606,0.004974,32359,486.5266060485477,530.7498377661698,,,,,,,,,,
607,0.004982,31799,-48.21731865785571,510.82392991828465,,,,,,,,,,
608,0.00499,31367,-406.3138325723702,490.6340168631368,,,,,,,,,,
609,0.004999,32471,412.7663717246556,465.6167897987529,,,,,,,,,,
610,0.005007,31799,-8.481726209528214,434.88703568138834,,,,,,,,,,
611,0.005015,31511,-350.0370281660471,402.6534473346587,,,,,,,,,,
612,0.005023,32007,308.0160608005849,366.3289693766838,,,,,,,,,,
613,0.005032,31975,31.039149570012178,328.7519980960439,,,,,,,,,,
614,0.00504,31799,-275.6258555635371,296.4311691188203,,,,,,,,,,
615,0.005048,32023,196.3071799980113,264.4985462850713,,,,,,,,,,
616,0.005056,31847,61.23460115218094,230.10413248657275,,,,,,,,,,
617,0.005064,31767,-194.39478665258306,197.89391466041704,,,,,,,,,,
618,0.005073,32087,94.47038125688256,166.27785562794102,,,,,,,,,,
619,0.005081,31831,73.58448148969003,135.8210574227143,,,,,,,,,,
620,0.005089,31703,-109.95242718878318,111.82587613999753,,,,,,,,,,
621,0.005097,32055,14.923800283184788,89.60548774132066,,,,,,,,,,
622,0.005105,31975,56.6472706099917,63.42713350439458,,,,,,,,,,
623,0.005114,31719,-23.290451000447142,40.24916994218626,,,,,,,,,,
624,0.005122,31895,-30.286387868280507,32.126601100941734,,,,,,,,,,
625,0.00513,32039,4.149491385533486,42.94105411718078,,,,,,,,,,
626,0.005138,32087,57.11642549151312,58.1882900579955,,,,,,,,,,
627,0.005146,31383,-33.954720404888405,76.78546124491226,,,,,,,,,,
628,0.005155,32119,-72.03752648345434,101.45868628448588,,,,,,,,,,
629,0.005163,31927,114.15656475844973,124.71719959983352,,,,,,,,,,
630,0.005171,32055,-4.573526492506975,143.0846985824958,,,,,,,,,,
631,0.005179,31543,-139.8644737581282,158.67659949837423,,,,,,,,,,
632,0.005187,32039,133.86425081488338,166.75153667798372,,,,,,,,,,
633,0.005196,32103,30.084356356827644,168.801594637068,,,,,,,,,,
634,0.005204,31495,-163.30810217298563,171.0265042099095,,,,,,,,,,
635,0.005212,32023,118.65791220956227,166.69485143706066,,,,,,,,,,
636,0.00522,31783,35.85366759621327,151.94280224156242,,,,,,,,,,
637,0.005228,31815,-125.74626003235684,133.50298065404337,,,,,,,,,,
638,0.005237,31847,88.10759563366496,109.46718707194155,,,,,,,,,,
639,0.005245,32055,-5.987007000533652,83.9260979052031,,,,,,,,,,
640,0.005253,31767,-41.695302590111055,70.64014049174571,,,,,,,,,,
641,0.005261,31927,65.95411726340586,69.91994632455068,,,,,,,,,,
642,0.00527,31767,-85.32922279444622,88.86680576309892,,,,,,,,,,
643,0.005278,31911,51.99795328790364,118.44033082437898,,,,,,,,,,
644,0.005286,31943,64.59793971637629,144.50011065826234,,,,,,,,,,
645,0.005294,31703,-169.29107194890554,170.82638523670525,,,,,,,,,,
646,0.005302,32007,118.48491394449665,192.69961402494863,,,,,,,,,,
647,0.005311,32247,79.33121962007638,208.5436561657345,,,,,,,,,,
648,0.005319,31255,-223.62189754781613,225.53036108548545,,,,,,,,,,
649,0.005327,32247,140.94842732063262,237.00503199143654,,,,,,,,,,
650,0.005335,31895,95.63399905054351,237.72250198181752,,,,,,,,,,
651,0.005343,31799,-233.97891967510648,235.29377204037002,,,,,,,,,,
652,0.005352,31991,127.80121710689212,228.49901950352978,,,,,,,,,,
653,0.00536,31943,102.04553549722515,217.8821810573892,,,,,,,,,,
654,0.005368,31735,-212.1575437687942,212.19387669447934,,,,,,,,,,
655,0.005376,31975,102.361842217334,206.02612331150513,,,,,,,,,,
656,0.005384,31767,97.4340970894372,193.90858179595574,,,,,,,,,,
657,0.005393,31847,-184.45088938752795,184.4600865655,,,,,,,,,,
658,0.005401,31895,86.82283547325936,176.9037681622578,,,,,,,,,,
659,0.005409,31943,88.09147623386724,170.22603953228028,,,,,,,,,,
660,0.005417,31847,-172.57355205786936,172.57355290000555,,,,,,,,,,
661,0.005425,31975,91.12248015641003,177.42097359181676,,,,,,,,,,
662,0.005434,32167,79.83152822367524,177.88470673050523,,,,,,,,,,
663,0.005442,31495,-180.71019689191817,181.74965026616476,,,,,,,,,,
664,0.00545,31927,110.42637399425846,185.7515887016406,,,,,,,,,,
665,0.005458,32055,73.20345266200373,188.2237445646791,,,,,,,,,,
666,0.005467,31719,-194.8625927672026,197.04961142601823,,,,,,,,,,
667,0.005475,32071,128.91525028871467,203.71956226606466,,,,,,,,,,
668,0.005483,31783,64.72131268238121,201.33275859152374,,,,,,,,,,
669,0.005491,31687,-191.78163857242868,197.06925739329756,,,,,,,,,,
670,0.005499,31975,126.8868818869552,186.50789999823292,,,,,,,,,,
671,0.005508,31943,51.032330752882594,169.5455607450948,,,,,,,,,,
672,0.005516,31847,-151.50488993349472,155.21337321456167,,,,,,,,,,
673,0.005524,31959,89.37468230206511,135.24061659371287,,,,,,,,,,
674,0.005532,32071,32.279889267504245,103.93011657451153,,,,,,,,,,
675,0.00554,31623,-68.19792850136562,69.80154213866166,,,,,,,,,,
676,0.005549,31831,13.448014377881613,31.288009892874243,,,,,,,,,,
677,0.005557,31975,13.136902289377478,23.306196602346063,,,,,,,,,,
678,0.005565,31783,45.45954427863747,58.62722237092846,,,,,,,,,,
679,0.005573,32119,-89.50288658804094,98.91840488393923,,,,,,,,,,
680,0.005581,31767,0.8433668573619916,143.62399031365868,,,,,,,,,,
681,0.00559,31959,163.32107345331477,185.60888030860932,,,,,,,,,,
682,0.005598,31751,-197.70716542700995,229.66033170884543,,,,,,,,,,
683,0.005606,31655,0.13776204301545192,271.5596888594716,,,,,,,,,,
684,0.005614,32615,258.30326177919056,300.36346408061956,,,,,,,,,,
685,0.005622,31303,-286.4004051076606,325.43400136063156,,,,,,,,,,
686,0.005631,31719,7.133885235687789,349.59732638652616,,,,,,,,,,
687,0.005639,32391,314.97234557855603,366.07755343770094,,,,,,,,,,
688,0.005647,31527,-334.0455569846431,381.45341416550514,,,,,,,,,,
689,0.005655,32071,6.866299081777704,391.89405821167406,,,,,,,,,,
690,0.005664,32167,333.5080860097831,386.92519035033087,,,,,,,,,,
691,0.005672,31271,-325.3327441380081,377.10294831144745,,,,,,,,,,
692,0.00568,32423,-20.57746512933881,366.8624115195579,,,,,,,,,,
693,0.005688,31447,322.8120009814157,350.4927798726354,,,,,,,,,,
694,0.005696,32151,-254.0235997607344,334.7590280270793,,,,,,,,,,
695,0.005705,31575,-86.32159421412422,318.459960391893,,,,,,,,,,
696,0.005713,32439,290.9919196937126,293.2206750783344,,,,,,,,,,
697,0.005721,31703,-128.72986249277642,271.6488353380333,,,,,,,,,,
698,0.005729,31431,-181.44766953333618,265.9646486866172,,,,,,,,,,
699,0.005737,32407,243.64754012381326,268.95813035127065,,,,,,,,,,
700,0.005746,31831,22.437535893362742,276.47638534312887,,,,,,,,,,
701,0.005754,31575,-279.074691289298,291.67816077577237,,,,,,,,,,
702,0.005762,32103,190.19063007326298,308.1946828284597,,,,,,,,,,
703,0.00577,31943,156.5715678380086,325.22085654607145,,,,,,,,,,
704,0.005778,31591,-349.51998421720833,350.05730188496125,,,,,,,,,,
705,0.005787,32023,148.28817581048438,371.36878110635723,,,,,,,,,,
706,0.005795,32055,232.16474668551066,378.00348735624254,,,,,,,,,,
707,0.005803,31703,-377.0123078421894,380.73451094097396,,,,,,,,,,
708,0.005811,32055,138.18280836354225,379.5087871209588,,,,,,,,,,
709,0.005819,32119,229.00966413636772,371.20544721760206,,,,,,,,,,
710,0.005828,31463,-366.0644642735053,367.7459424336014,,,,,,,,,,
711,0.005836,31815,168.61747532756596,362.64292217653997,,,,,,,,,,
712,0.005844,32391,159.9114537856878,347.93707869863607,,,,,,,,,,
713,0.005852,31479,-333.7430956996451,337.5393549987872,,,,,,,,,,
714,0.005861,31863,224.17616203670963,327.7426064749877,,,,,,,,,,
715,0.005869,31991,65.55502662977874,317.3918016331102,,,,,,,,,,
716,0.005877,31575,-293.1823719564446,318.54372772997533,,,,,,,,,,
717,0.005885,32519,265.4766879064389,317.4648541070503,,,,,,,,,,
718,0.005893,31655,-7.542705414457495,307.186545941051,,,,,,,,,,
719,0.005902,31639,-240.3566164780266,294.8309537471101,,,,,,,,,,
720,0.00591,32471,247.34043411144975,268.87811974595166,,,,,,,,,,
721,0.005918,31655,-34.00346894348246,233.41927661287014,,,,,,,,,,
722,0.005926,31927,-155.95623084994193,200.5616577753284,,,,,,,,,,
723,0.005934,31911,146.30252593933315,157.3849371666462,,,,,,,,,,
724,0.005943,32023,-22.866591349055888,102.21181765225276,,,,,,,,,,
725,0.005951,31735,-22.848804209102372,45.3005412537513,,,,,,,,,,
726,0.005959,31735,-21.57690704549219,34.692985657265226,,,,,,,,,,
727,0.005967,31991,-7.616465490756189,109.09347522073537,,,,,,,,,,
728,0.005975,32231,154.29892659907654,174.86662065149642,,,,,,,,,,
729,0.005984,31591,-205.8344746798406,241.2195797820339,,,,,,,,,,
730,0.005992,31767,-21.34521513449314,311.15467040444366,,,,,,,,,,
731,0.006,32231,342.44288104251933,373.79910680893136,,,,,,,,,,
732,0.006008,31575,-345.8335791391997,434.68998368660397,,,,,,,,,,
733,0.006016,32103,-74.83698762445668,488.6276949169631,,,,,,,,,,
734,0.006025,32023,491.16891698061096,520.2337345311233,,,,,,,,,,
735,0.006033,31495,-398.7043153278221,541.735967210465,,,,,,,,,,
736,0.006041,31735,-150.43410825940862,560.581882466423,,,,,,,,,,
737,0.006049,32583,554.7669983945785,565.7596249145403,,,,,,,,,,
738,0.006058,31527,-356.5169400296807,562.2367586308249,,,,,,,,,,
739,0.006066,31463,-213.75340234565033,549.8082982007218,,,,,,,,,,
740,0.006074,32615,514.0444963806395,515.4215705551771,,,,,,,,,,
741,0.006082,31719,-245.38770759625334,472.60079023426425,,,,,,,,,,
742,0.00609,31479,-235.50926663705712,434.34257468164026,,,,,,,,,,
743,0.006099,32183,385.8419986632103,389.3974759734328,,,,,,,,,,
744,0.006107,32151,-108.51234542022135,339.6464486390957,,,,,,,,,,
745,0.006115,31575,-208.43437794368617,290.74752545728524,,,,,,,,,,
746,0.006123,32215,213.7506238722124,233.5970125202092,,,,,,,,,,
747,0.006131,31527,14.448166143498264,180.2255325229324,,,,,,,,,,
748,0.00614,32311,-146.76022121435076,149.29677875700995,,,,,,,,,,
749,0.006148,31799,47.006536997124684,130.94019494636743,,,,,,,,,,
750,0.006156,31911,97.26380869715965,113.40063678594052,,,,,,,,,,
751,0.006164,31815,-71.2506068439032,107.98415454101705,,,,,,,,,,
752,0.006172,32055,-76.6259278150845,121.59578762657114,,,,,,,,,,
753,0.006181,32055,124.72223715311704,136.9879545290372,,,,,,,,,,
754,0.006189,31847,3.918337078159891,143.60722305072323,,,,,,,,,,
755,0.006197,31703,-135.97349851430744,146.73839144299063,,,,,,,,,,
756,0.006205,32119,89.86705175785245,139.89284725068802,,,,,,,,,,
757,0.006213,31927,71.60606086731694,129.3782866078652,,,,,,,,,,
758,0.006222,31767,-125.92284006734143,130.85350663750367,,,,,,,,,,
759,0.00623,32119,-0.5810035315607294,134.70332587267546,,,,,,,,,,
760,0.006238,32007,125.13476480261113,128.68868445501582,,,,,,,,,,
761,0.006246,31719,-59.37178974600025,130.9172380285889,,,,,,,,,,
762,0.006254,31831,-119.13121318494,155.79877704309436,,,,,,,,,,
763,0.006263,32103,156.57730290682437,185.97953298345254,,,,,,,,,,
764,0.006271,32055,30.837248457849988,209.1882218328241,,,,,,,,,,
765,0.006279,31655,-221.62819220573348,232.32239299735002,,,,,,,,,,
766,0.006287,32071,162.77101202361524,246.70709134082784,,,,,,,,,,
767,0.006296,31927,99.22534720576118,253.2951102944628,,,,,,,,,,
768,0.006304,31527,-265.8804034184127,266.94116527952144,,,,,,,,,,
769,0.006312,32135,150.91444464385404,272.1876163079569,,,,,,,,,,
770,0.00632,32199,107.24482124907836,256.2441950666632,,,,,,,,,,
771,0.006328,31495,-233.67720577491664,236.44967466372518,,,,,,,,,,
772,0.006337,31767,134.94586935471352,208.50966748404497,,,,,,,,,,
773,0.006345,32167,45.388442346110374,173.49907898589086,,,,,,,,,,
774,0.006353,31783,-140.03658304326666,153.41212850490595,,,,,,,,,,
775,0.006361,32231,123.54392443098355,135.43137039122152,,,,,,,,,,
776,0.006369,31495,-58.34114226331268,122.84219289707207,,,,,,,,,,
777,0.006378,32055,-22.6458975746828,132.73874954474854,,,,,,,,,,
778,0.006386,32055,110.70025806474958,138.96001658557284,,,,,,,,,,
779,0.006394,31863,-152.38332796522135,153.86012777117787,,,,,,,,,,
780,0.006402,31959,79.87895221145135,170.21984454199088,,,,,,,,,,
781,0.00641,32039,79.37390204987435,177.2122125574417,,,,,,,,,,
782,0.006419,31655,-190.07704302057144,193.2348453816142,,,,,,,,,,
783,0.006427,32263,144.79200608990124,202.39473619246465,,,,,,,,,,
784,0.006435,31783,16.882071451046894,194.90539453600886,,,,,,,,,,
785,0.006443,31815,-154.13889017233328,190.13043288183158,,,,,,,,,,
786,0.006451,31863,167.82891180954712,174.49852788604332,,,,,,,,,,
787,0.00646,32135,-69.9510238839215,158.3734335369086,,,,,,,,,,
788,0.006468,31655,-62.75795987486534,160.87801661793762,,,,,,,,,,
789,0.006476,31943,154.33470686621118,161.5548402465702,,,,,,,,,,
790,0.006484,31639,-152.307431052405,172.10571102722378,,,,,,,,,,
791,0.006493,32103,44.627730194035735,189.19859081237902,,,,,,,,,,
792,0.006501,32167,109.29345657363432,190.08072275892414,,,,,,,,,,
793,0.006509,31559,-193.930906132258,195.11252206761787,,,,,,,,,,
794,0.006517,32039,131.0017018882265,195.71836951204327,,,,,,,,,,
795,0.006525,31911,36.427804947114396,188.33987502454087,,,,,,,,,,
796,0.006534,31495,-174.48490129984756,195.7078065517581,,,,,,,,,,
797,0.006542,32231,178.03334369971932,198.48285376820706,,,,,,,,,,
798,0.00655,31927,-53.071143942981735,193.45552120663078,,,,,,,,,,
799,0.006558,31959,-104.44353163543731,196.87371404339189,,,,,,,,,,
800,0.006566,31847,185.36971450956807,186.82120093480935,,,,,,,,,,
801,0.006575,31879,-133.35096103289524,179.0339346033583,,,,,,,,,,
802,0.006583,32007,-19.10570481848678,184.0026540489807,,,,,,,,,,
803,0.006591,32055,158.8506036703466,181.03788115497352,,,,,,,,,,
804,0.006599,31559,-170.2651551400603,184.3594549635815,,,,,,,,,,
805,0.006607,32055,43.90589909499692,185.88754155394466,,,,,,,,,,
806,0.006616,32343,102.29440077937379,163.35912901040385,,,,,,,,,,
807,0.006624,31543,-140.5690747501318,140.61660751545708,,,,,,,,,,
808,0.006632,31959,65.67148613808784,113.04174110758842,,,,,,,,,,
809,0.00664,31783,20.804722435049783,76.71797224093352,,,,,,,,,,
810,0.006648,32135,-48.992896935931526,60.637368682615104,,,,,,,,,,
811,0.006657,31975,50.538953602538605,50.844203491022014,,,,,,,,,,
812,0.006665,31703,-71.06809457513651,71.65717059206473,,,,,,,,,,
813,0.006673,32055,71.63089569226331,112.17892937196886,,,,,,,,,,
814,0.006681,31799,15.347320646448082,141.2883666554243,,,,,,,,,,
815,0.00669,32039,-148.31390629178094,176.57710583455108,,,,,,,,,,
816,0.006698,31895,177.35813561258018,196.85731181392202,,,,,,,,,,
817,0.006706,31975,-24.395660671524514,208.87143337306776,,,,,,,,,,
818,0.006714,31559,-185.00519583456241,235.49487515243243,,,,,,,,,,
819,0.006722,32423,234.84823507113046,251.98873377843563,,,,,,,,,,
820,0.006731,32007,-61.43614405993236,254.33081680728316,,,,,,,,,,
821,0.006739,31543,-167.73310140126844,256.61261330736204,,,,,,,,,,
822,0.006747,32263,234.73180792791234,237.21721737447265,,,,,,,,,,
823,0.006755,31703,-94.92831049536899,212.66765267246674,,,,,,,,,,
824,0.006763,32087,-103.44005488270048,205.14693307503538,,,,,,,,,,
825,0.006772,31943,190.67405844552994,190.91188889228104,,,,,,,,,,
826,0.00678,31719,-124.61199875525213,179.49255051524796,,,,,,,,,,
827,0.006788,32151,-16.021514064737193,177.49822670304013,,,,,,,,,,
828,0.006796,31911,127.85111051752412,158.2667107152424,,,,,,,,,,
829,0.006804,31735,-147.69147247486816,149.7168003315132,,,,,,,,,,
830,0.006813,31879,65.45237483063993,149.80670782973274,,,,,,,,,,
831,0.006821,32055,70.36735126338104,145.2368490755224,,,,,,,,,,
832,0.006829,32039,-160.14465610381086,161.94345811651615,,,,,,,,,,
833,0.006837,31703,118.23647481570633,177.45001405812462,,,,,,,,,,
834,0.006845,31991,33.67899731796144,174.17202722872545,,,,,,,,,,
835,0.006854,31735,-158.85300215419178,175.64035883957152,,,,,,,,,,
836,0.006862,32087,131.94453520726955,164.55454066901135,,,,,,,,,,
837,0.00687,32087,21.571968104539412,147.22452416008386,,,,,,,,,,
838,0.006878,31527,-142.5992280975324,151.89429024811935,,,,,,,,,,
839,0.006887,32295,110.22594695370145,153.01111509035005,,,,,,,,,,
840,0.006895,31831,26.744231652246462,135.52795176316977,,,,,,,,,,
841,0.006903,31799,-113.67863319736259,122.65588025919708,,,,,,,,,,
842,0.006911,32199,69.0682365696313,100.94208011744325,,,,,,,,,,
843,0.006919,31815,36.214804132115106,77.76504487348979,,,,,,,,,,
844,0.006928,32135,-79.95517286871915,80.01146101997988,,,,,,,,,,
845,0.006936,31751,30.030224389077652,84.31949395994863,,,,,,,,,,
846,0.006944,32135,40.19171245022907,65.69789677751551,,,,,,,,,,
847,0.006952,31959,-53.7017217387843,53.70618898552489,,,,,,,,,,
848,0.00696,31767,9.348284514079273,46.725231801185906,,,,,,,,,,
849,0.006969,32247,38.509635217130885,41.20892786905377,,,,,,,,,,
850,0.006977,31911,-45.514106434827994,50.84400674090719,,,,,,,,,,
851,0.006985,32039,9.3156080893899,66.39765687378795,,,,,,,,,,
852,0.006993,31879,39.24353646897337,57.4100322391284,,,,,,,,,,
853,0.007001,31655,-57.19011347159399,57.21225743764123,,,,,,,,,,
854,0.00701,32167,18.91540158902324,60.99062851472469,,,,,,,,,,
855,0.007018,31975,50.32050924321227,62.57176974315498,,,,,,,,,,
856,0.007026,31975,-79.94749977571728,83.5949709004683,,,,,,,,,,
857,0.007034,31911,24.03429329102661,107.16054196770038,,,,,,,,,,
858,0.007042,32055,71.0778386768804,102.26389334469678,,,,,,,,,,
859,0.007051,31879,-100.35157179726586,101.50658063280734,,,,,,,,,,
860,0.007059,32087,19.64598200075782,106.08565810960205,,,,,,,,,,
861,0.007067,31879,90.72230770735786,105.91060518954781,,,,,,,,,,
862,0.007075,31911,-109.93569069207336,121.28247726286362,,,,,,,,,,
863,0.007084,32071,14.771710131481019,138.3192024490376,,,,,,,,,,
864,0.007092,32119,95.41614641195841,123.98351928798078,,,,,,,,,,
865,0.0071,31751,-111.80874348350679,114.29961075776811,,,,,,,,,,
866,0.007108,31911,25.864328109166653,112.60118571155925,,,,,,,,,,
867,0.007116,32023,79.84436367295996,104.93202607195246,,,,,,,,,,
868,0.007125,31975,-118.76428971435216,120.41855275833872,,,,,,,,,,
869,0.007133,31735,61.672717013095365,141.2076139956461,,,,,,,,,,
870,0.007141,32375,54.46473706779535,138.32688361827948,,,,,,,,,,
871,0.007149,31671,-141.77593173183143,149.1623220922119,,,,,,,,,,
872,0.007157,32007,110.40723228020114,153.4859015746494,,,,,,,,,,
873,0.007166,31767,39.98653079438368,152.64691931654494,,,,,,,,,,
874,0.007174,32119,-176.04960345325912,182.64974584037432,,,,,,,,,,
875,0.007182,32263,142.15623389851703,208.7797251528661,,,,,,,,,,
876,0.00719,31815,50.32391159874644,207.35788110437284,,,,,,,,,,
877,0.007198,31399,-198.0049859595534,208.9867138310832,,,,,,,,,,
878,0.007207,32343,129.22466406303766,195.77724157528732,,,,,,,,,,
879,0.007215,32103,78.14155809519073,174.20098616960536,,,,,,,,,,
880,0.007223,31751,-180.51809334752198,180.54083591471806,,,,,,,,,,
881,0.007231,31911,69.69941383000318,183.65025531302638,,,,,,,,,,
882,0.007239,32087,98.10312771962482,150.43923232607503,,,,,,,,,,
883,0.007248,31847,-116.35885708197289,119.02943894184197,,,,,,,,,,
884,0.007256,31959,-6.804395950906829,98.8936038431331,,,,,,,,,,
885,0.007264,32135,86.70904294253354,86.83609036450828,,,,,,,,,,
886,0.007272,31991,-28.950440539495514,81.74019029549459,,,,,,,,,,
887,0.00728,31655,-57.450095306034825,81.27261270569836,,,,,,,,,,
888,0.007289,32023,41.04716070769149,58.61278337699949,,,,,,,,,,
889,0.007297,31911,40.48058186758103,47.61794241154122,,,,,,,,,,
890,0.007305,31895,-53.89589547176963,65.74396845678584,,,,,,,,,,
891,0.007313,31767,-19.700942497639506,83.29695179735563,,,,,,,,,,
892,0.007322,32087,60.032621425407235,60.09322269676384,,,,,,,,,,
893,0.00733,32071,1.4775743069568432,39.81412496089231,,,,,,,,,,
894,0.007338,31655,-70.1131615875723,70.13767709736652,,,,,,,,,,
895,0.007346,32087,28.001797548711927,106.17202779324708,,,,,,,,,,
896,0.007354,32007,80.56457552124313,104.09405994003568,,,,,,,,,,
897,0.007363,31895,-97.25803096817967,105.7836746076795,,,,,,,,,,
898,0.007371,31735,-27.220232447687366,128.3028688604523,,,,,,,,,,
899,0.007379,32023,148.4817784240781,148.81895180322587,,,,,,,,,,
900,0.007387,31975,-106.79828824886631,172.58985037712924,,,,,,,,,,
901,0.007395,31799,-66.15143783041712,200.55928874451658,,,,,,,,,,
902,0.007404,31879,180.8094558601158,183.55373974990457,,,,,,,,,,
903,0.007412,32023,-113.50618934229011,163.88310483097425,,,,,,,,,,
904,0.00742,31831,-60.92507909573387,173.1588713391305,,,,,,,,,,
905,0.007428,32311,169.502333843531,170.22335507306187,,,,,,,,,,
906,0.007436,31511,-126.70789851370687,171.9283827231225,,,,,,,,,,
907,0.007445,31943,-7.613988749077323,184.73165635774117,,,,,,,,,,
908,0.007453,32199,119.71254530374694,155.12525754652302,,,,,,,,,,
909,0.007461,31815,-142.66218966792107,142.6671119876253,,,,,,,,,,
910,0.007469,32007,74.9049082701292,138.73216899424486,,,,,,,,,,
911,0.007477,31799,44.39437644343581,124.6091559909338,,,,,,,,,,
912,0.007486,31815,-146.97398425402602,157.5787781835203,,,,,,,,,,
913,0.007494,32199,154.82070568707516,187.05346065980925,,,,,,,,,,
914,0.007502,31815,-40.181474805519194,192.61730212327376,,,,,,,,,,
915,0.00751,31767,-123.09933491316224,217.47206679949394,,,,,,,,,,
916,0.007519,32055,200.62635881742708,200.63507502871155,,,,,,,,,,
917,0.007527,32071,-117.9287262308279,180.8349758862464,,,,,,,,,,
918,0.007535,31943,-62.04133613708527,197.57629168143714,,,,,,,,,,
919,0.007543,32103,193.03818384725295,197.2712286275124,,,,,,,,,,
920,0.007551,31655,-175.46509873169296,209.39785340958062,,,,,,,,,,
921,0.00756,32007,31.11025220427845,234.30054623726838,,,,,,,,,,
922,0.007568,32231,131.84699467734094,209.54534861900154,,,,,,,,,,
923,0.007576,31751,-204.08763118950782,206.7411166344561,,,,,,,,,,
924,0.007584,32087,136.40399322349325,202.14571259008937,,,,,,,,,,
925,0.007592,31943,36.387086528546384,185.5625039925122,,,,,,,,,,
926,0.007601,31879,-201.08956646871522,225.66741633125844,,,,,,,,,,
927,0.007609,31975,223.74688501415892,258.51608425368875,,,,,,,,,,
928,0.007617,32039,-60.55643262636943,264.1877208830942,,,,,,,,,,
929,0.007625,31575,-169.28128953839104,289.28311037013486,,,,,,,,,,
930,0.007633,32487,261.9952322786289,262.38337074441563,,,,,,,,,,
931,0.007642,31735,-124.61381431276314,227.69567971245374,,,,,,,,,,
932,0.00765,31959,-115.08946997461011,239.10066971103709,,,,,,,,,,
933,0.007658,32247,230.62652874479556,231.01330156120656,,,,,,,,,,
934,0.007666,31847,-133.3503314131925,216.68305163220685,,,,,,,,,,
935,0.007674,31847,-46.98418111397087,214.22346639209093,,,,,,,,,,
936,0.007683,32039,129.61032113820056,143.2713371941695,,,,,,,,,,
937,0.007691,31799,-85.26372459156984,85.51477081166855,,,,,,,,,,
938,0.007699,32087,25.310457886753436,48.29041879787034,,,,,,,,,,
939,0.007707,31975,-17.792656939405465,18.106730670438708,,,,,,,,,,
940,0.007716,31847,-0.2772331497569068,68.16209975618123,,,,,,,,,,
941,0.007724,31991,91.70695461852628,101.87811820659891,,,,,,,,,,
942,0.007732,31815,-171.44710564452453,176.75995059456085,,,,,,,,,,
943,0.00774,32135,88.15607603119912,259.785988102705,,,,,,,,,,
944,0.007748,32167,143.19231727869183,268.1588039234706,,,,,,,,,,
945,0.007757,31399,-287.6221709663346,289.54133064537893,,,,,,,,,,
946,0.007765,32103,145.8388796954568,298.8771129131104,,,,,,,,,,
947,0.007773,32263,173.47819113575065,287.10338082336506,,,,,,,,,,
948,0.007781,31607,-333.55368143780026,334.7997103181085,,,,,,,,,,
949,0.007789,32215,150.04126279180258,377.02880677903613,,,,,,,,,,
950,0.007798,32039,179.82344940991484,332.492303103416,,,,,,,,,,
951,0.007806,31719,-296.85059335676453,297.5654889678495,,,,,,,,,,
952,0.007814,32135,96.89702488486198,254.9993354565702,,,,,,,,,,
953,0.007822,31863,161.51253140108182,199.67123924761185,,,,,,,,,,
954,0.00783,32167,-186.92641936016008,204.33359272504705,,,,,,,,,,
955,0.007839,31767,3.4515989057783907,215.57140168679783,,,,,,,,,,
956,0.007847,32231,116.98505438056152,127.27591820203129,,,,,,,,,,
957,0.007855,31671,-31.401490981136753,44.91008325059157,,,,,,,,,,
958,0.007863,32023,-95.37563382902678,95.74066569125527,,,,,,,,,,
959,0.007871,32007,44.18749402401298,184.22129689015284,,,,,,,,,,
960,0.00788,32039,129.0262316774787,170.05022899666457,,,,,,,,,,
961,0.007888,31767,-156.80161711048234,163.28098119367337,,,,,,,,,,
962,0.007896,31991,-53.39889155629176,204.39067004031818,,,,,,,,,,
963,0.007904,32151,248.66905701074975,250.4291898917358,,,,,,,,,,
964,0.007913,31703,-147.50899472509522,291.9868965247111,,,,,,,,,,
965,0.007921,32007,-160.23347781488678,351.6706382881625,,,,,,,,,,
966,0.007929,32343,291.14366703987116,292.86630856922943,,,,,,,,,,
967,0.007937,31943,-61.401686056153885,223.9353513787097,,,,,,,,,,
968,0.007945,31479,-250.72225864962496,288.2219183143926,,,,,,,,,,
969,0.007954,32423,246.5766478152481,355.86067510111263,,,,,,,,,,
970,0.007962,32183,74.23479227950381,327.3582306734842,,,,,,,,,,
971,0.00797,31559,-301.9304812759489,325.9335750412661,,,,,,,,,,
972,0.007978,32055,140.3022629673746,283.7930987768577,,,,,,,,,,
973,0.007986,32263,210.56048154547844,253.18049095846646,,,,,,,,,,
974,0.007995,31863,-307.56782271557677,337.4774349983643,,,,,,,,,,
975,0.008003,31927,23.588943898445322,438.5146949373348,,,,,,,,,,
976,0.008011,32231,300.0502591904998,359.061780812383,,,,,,,,,,
977,0.008019,31687,-281.14302654694933,294.5392495780457,,,,,,,,,,
978,0.008027,32119,-50.14062589135282,308.00329818697634,,,,,,,,,,
979,0.008036,32103,316.2719709702766,316.38105472173226,,,,,,,,,,
980,0.008044,31863,-246.4149953705447,350.57663057641537,,,,,,,,,,
981,0.008052,32007,-49.834181630682785,440.6293368915125,,,,,,,,,,
982,0.00806,32247,262.1602989321505,305.38239205421644,,,,,,,,,,
983,0.008068,31927,-223.63564400037302,223.90969239418655,,,,,,,,,,
984,0.008077,31671,19.712022166230998,195.80703479713782,,,,,,,,,,
985,0.008085,32535,166.96215836416113,167.50310878940752,,,,,,,,,,
986,0.008093,31735,-219.93436540983225,234.57660361133864,,,,,,,,,,
987,0.008101,32007,119.77600174216397,400.3996443013678,,,,,,,,,,
988,0.00811,32215,74.16150138376604,288.0569559865855,,,,,,,,,,
989,0.008118,31639,-226.90749669737284,376.17406035462585,,,,,,,,,,
990,0.008126,32391,194.72146966209783,210.36131077317708,,,,,,,,,,
991,0.008134,31943,22.98864428396082,32.720680317398475,,,,,,,,,,
992,0.008142,31655,-226.08396747182323,227.35795107623494,,,,,,,,,,
993,0.008151,32439,199.24522896670967,521.0236253641839,,,,,,,,,,
994,0.008159,31831,30.59743080229013,329.9122372269544,,,,,,,,,,
995,0.008167,31703,-201.33133785656972,551.6890513928872,,,,,,,,,,
996,0.008175,32327,123.45168606560982,126.93721347330252,,,,,,,,,,
997,0.008183,31991,85.46539788578231,500.467314165871,,,,,,,,,,
998,0.008192,31847,-152.16048510346184,190.14183905380617,,,,,,,,,,
999,0.0082,31735,-0.18933786103127054,1088.3675496259743,,,,,,,,,,
