Unnamed: 0,Timestamps,Voltages,filtered_signal,envelope,start_rx,finish_rx,extracted_signal,distance,type,grid_x,grid_y,angle,real_x,real_y,grid_distance,sensor_position,sensor_height
0,0.0,65535,-307.4129630389573,2941.535487023821,433.0,610.0,-61.23779726154798,67.20321824999999,tall,15.0,5.0,15.945395900922854,20.0,70.0,72.80109889280519,13.0,50.0
1,8e-06,65535,9402.481585044896,10239.135771036035,,,197.918358770124,,,,,,,,,,
2,1.6e-05,65535,4768.619017235528,18865.216165119484,,,-104.81864558372132,,,,,,,,,,
3,2.5e-05,1088,-25761.940052908707,25932.88255496938,,,-117.8441111192165,,,,,,,,,,
4,3.3e-05,65535,18181.22287764645,32607.75719178576,,,210.7538338984955,,,,,,,,,,
5,4.1e-05,65535,18829.473601321013,38693.96848574842,,,-57.91753927960123,,,,,,,,,,
6,4.9e-05,1104,-42480.47546520626,42511.7067393278,,,-170.3377885178815,,,,,,,,,,
7,5.7e-05,65535,19568.504610058382,44941.56993944317,,,206.03715367802727,,,,,,,,,,
8,6.6e-05,65535,27569.04665266193,46498.17271684171,,,4.142794597174805,,,,,,,,,,
9,7.4e-05,1056,-45628.66798918137,46137.55410297492,,,-222.36765532464736,,,,,,,,,,
10,8.2e-05,65535,15343.44529847629,44175.16880781415,,,184.07787996824868,,,,,,,,,,
11,9e-05,65535,26766.128095077955,41067.07335789001,,,84.52282062955103,,,,,,,,,,
12,9.9e-05,1056,-35562.440610923666,36311.07269311642,,,-273.01804387932543,,,,,,,,,,
13,0.000107,65535,9703.14394900845,30473.355308921,,,141.35608920693662,,,,,,,,,,
14,0.000115,65535,15561.976013764384,24240.561604184528,,,177.76453669874962,,,,,,,,,,
15,0.000123,1040,-17292.161105301082,17372.336990902004,,,-309.0132874672385,,,,,,,,,,
16,0.000131,1056,6955.212732725333,10772.245396680206,,,77.22531324456578,,,,,,,,,,
17,0.00014,27270,-3053.989822272714,7309.045099909093,,,262.5651590952523,,,,,,,,,,
18,0.000148,65535,2058.2119962915763,10520.563682102518,,,-311.36795696206576,,,,,,,,,,
19,0.000156,65007,9238.686938205596,17020.323737438608,,,3.495324473350885,,,,,,,,,,
20,0.000164,1056,-23543.745839438,23558.99152108425,,,308.3400476821308,,,,,,,,,,
21,0.000172,65535,16603.757934298555,29740.47458105549,,,-272.2223859501549,,,,,,,,,,
22,0.000181,65535,15554.969004417497,35521.1189314402,,,-53.32547316218652,,,,,,,,,,
23,0.000189,1040,-40350.082504508806,40419.65684469731,,,293.20975158778447,,,,,,,,,,
24,0.000197,65535,24040.91186251935,44512.54797460737,,,-208.3160049631845,,,,,,,,,,
25,0.000205,65535,22641.25801605084,47857.0630190444,,,-62.52877406015064,,,,,,,,,,
26,0.000213,1056,-50148.50549799074,50152.441647854575,,,222.220304387252,,,,,,,,,,
27,0.000222,65535,25748.92924209231,51624.57628974623,,,-157.4984209231834,,,,,,,,,,
28,0.00023,65535,26864.89823512902,52482.07107176284,,,-11.232148311399522,,,,,,,,,,
29,0.000238,1008,-52489.19349015398,52501.86246213711,,,132.2975255072812,,,,,,,,,,
30,0.000246,65535,25028.61420417204,51842.86429621907,,,-151.51529676584877,,,,,,,,,,
31,0.000255,65535,25781.27105043856,50673.18157814046,,,71.53828574643819,,,,,,,,,,
32,0.000263,1040,-48833.498184067386,48835.06349969447,,,73.43728410034939,,,,,,,,,,
33,0.000271,65535,24921.42989166342,46589.31578479892,,,-172.77421912207717,,,,,,,,,,
34,0.000279,64319,18697.071592318214,44190.22034913408,,,106.24467547405924,,,,,,,,,,
35,0.000287,1008,-41079.74358531293,41542.885432117735,,,67.10161999939622,,,,,,,,,,
36,0.000296,65535,26826.019861798868,38929.02686627843,,,-119.40195041188696,,,,,,,,,,
37,0.000304,45531,6496.2809539547325,36584.70135981328,,,-14.856914498695756,,,,,,,,,,
38,0.000312,960,-30660.964307712016,34500.914484347006,,,59.67886141064838,,,,,,,,,,
39,0.00032,65535,30250.577621676097,33075.09400045505,,,192.90740661653777,,,,,,,,,,
40,0.000328,28118,-8721.027524998884,32462.06773269067,,,-375.0627006188985,,,,,,,,,,
41,0.000337,5921,-18536.95247663772,32553.669962434447,,,-101.27010739244234,,,,,,,,,,
42,0.000345,65535,33354.37275067053,33470.0961351685,,,979.2254691371014,,,,,,,,,,
43,0.000353,10674,-23941.08820013215,34899.568779810295,,,-971.1760796062592,,,,,,,,,,
44,0.000361,22405,-5664.352158786562,36511.96074939773,,,-646.3351627881855,,,,,,,,,,
45,0.000369,65535,33773.467193733144,38233.75187402657,,,2397.725807558344,,,,,,,,,,
46,0.000378,1056,-35656.4000529529,39697.87519214033,,,-1674.0487266687142,,,,,,,,,,
47,0.000386,42586,6691.842373136267,40744.77974401557,,,-1816.8970577519349,,,,,,,,,,
48,0.000394,65535,29454.52832515413,41386.02385766127,,,4461.313317469672,,,,,,,,,,
49,0.000402,1040,-40687.4561686336,41365.04969863577,,,-2237.953980876298,,,,,,,,,,
50,0.000411,65535,17106.53841951144,40682.004886476985,,,-3770.186955495946,,,,,,,,,,
51,0.000419,65535,19473.80740730601,39446.46620674122,,,6987.651193983608,,,,,,,,,,
52,0.000427,1056,-37347.49287939789,37588.6265071912,,,-2365.92439688467,,,,,,,,,,
53,0.000435,65535,24374.10239421771,35367.901632061585,,,-6488.796130072066,,,,,,,,,,
54,0.000443,64255,4777.857397339002,33070.405267675225,,,9612.925298949296,,,,,,,,,,
55,0.000452,1056,-26366.527115014476,30824.97353039089,,,-1815.089751954857,,,,,,,,,,
56,0.00046,65535,27673.859592566627,29049.961528735712,,,-9728.331643083708,,,,,,,,,,
57,0.000468,25382,-11529.333483690469,27961.20567798965,,,11872.311899963388,,,,,,,,,,
58,0.000476,13635,-10820.119788813076,27561.869843640467,,,-507.4598572523818,,,,,,,,,,
59,0.000484,65535,26396.86498048055,27926.280452061284,,,-13029.985552616088,,,,,,,,,,
60,0.000493,1072,-24883.21942490108,28719.817249775333,,,13327.961592662525,,,,,,,,,,
61,0.000501,65535,5155.713971723719,29637.494756830027,,,1397.9635411428849,,,,,,,,,,
62,0.000509,65535,20023.811111009836,30525.45553878397,,,-15810.484134379887,,,,,,,,,,
63,0.000517,1056,-31020.6128156534,31054.508036644005,,,13706.3469106681,,,,,,,,,,
64,0.000525,65535,18155.89906388108,31178.99761838442,,,3512.2729484945094,,,,,,,,,,
65,0.000534,54013,8504.549741847128,30972.30045389316,,,-17516.671928055326,,,,,,,,,,
66,0.000542,960,-28004.63228052904,30435.86047015349,,,12994.06068563624,,,,,,,,,,
67,0.00055,65535,26637.971042189987,29900.495397410505,,,5319.6641648204895,,,,,,,,,,
68,0.000558,25190,-6987.948093014883,29663.622733798053,,,-17798.004882830337,,,,,,,,,,
69,0.000566,21013,-17223.848436163473,29906.509495576214,,,11445.88292531039,,,,,,,,,,
70,0.000575,65535,30753.33730988716,30926.46532937229,,,6349.594912305398,,,,,,,,,,
71,0.000583,1008,-23670.231636817676,32662.3280360211,,,-16626.478168255497,,,,,,,,,,
72,0.000591,47723,-2620.9289797028096,34916.931771379044,,,9490.9535309399,,,,,,,,,,
73,0.000599,65535,31289.134715023796,37548.24926503743,,,6348.347783729291,,,,,,,,,,
74,0.000608,1072,-37773.98852378513,40190.6075384123,,,-14304.3114393711,,,,,,,,,,
75,0.000616,65263,11374.251355798022,42623.84075898476,,,7572.957626349522,,,,,,,,,,
76,0.000624,65535,28726.993800161195,44739.36688266481,,,5368.82616607351,,,,,,,,,,
77,0.000632,1056,-46040.19861096768,46295.59038259958,,,-11350.02886554189,,,,,,,,,,
78,0.00064,65535,21879.739946930094,47243.67832240794,,,5998.219571709781,,,,,,,,,,
79,0.000649,65535,23117.428788352918,47609.29565559715,,,3734.132700963744,,,,,,,,,,
80,0.000657,1040,-47198.53731404737,47326.21995053368,,,-8315.948793501873,,,,,,,,,,
81,0.000665,65535,28393.81595884536,46536.42610381583,,,4861.67986713958,,,,,,,,,,
82,0.000673,65407,14675.907152522102,45404.27032319583,,,1896.512382261919,,,,,,,,,,
83,0.000681,1056,-42487.20804030952,43978.92563445974,,,-5622.269096460493,,,,,,,,,,
84,0.00069,65535,32166.789819113965,42473.04836268882,,,4075.09766474692,,,,,,,,,,
85,0.000698,47419,4420.465811210234,41051.468995454925,,,265.10724560918214,,,,,,,,,,
86,0.000706,1072,-34878.904653496946,39762.02316957937,,,-3475.1505699783183,,,,,,,,,,
87,0.000714,65535,34799.92462337232,38790.32696065358,,,3466.5442383099567,,,,,,,,,,
88,0.000722,23349,-5815.050208978188,38196.257037369614,,,-917.2472105506708,,,,,,,,,,
89,0.000731,1072,-27501.63290143106,37911.26375867883,,,-1885.3988249631975,,,,,,,,,,
90,0.000739,65535,37119.69382535629,37966.77468625661,,,2889.496413904305,,,,,,,,,,
91,0.000747,1232,-14106.786242866585,38247.71594301088,,,-1603.617169796939,,,,,,,,,,
92,0.000755,1072,-22229.106555088405,38598.92254798797,,,-753.8603632056165,,,,,,,,,,
93,0.000764,65535,38979.5017087442,39017.81137492414,,,2286.318750566309,,,,,,,,,,
94,0.000772,1088,-19374.721303815604,39404.931957900175,,,-1886.799414124925,,,,,,,,,,
95,0.00078,1088,-19236.290511267547,39675.16046494494,,,34.462467807469594,,,,,,,,,,
96,0.000788,65503,39844.75250934011,39874.21705205203,,,1685.0815831563125,,,,,,,,,,
97,0.000796,1088,-21788.905848075254,39934.23547805539,,,-1904.9762565581143,,,,,,,,,,
98,0.000805,1216,-17599.86603426625,39807.60010495274,,,555.6191555313738,,,,,,,,,,
99,0.000813,52348,39463.72886494474,39576.53472437423,,,1148.5699650992242,,,,,,,,,,
100,0.000821,1072,-22339.53002298618,39221.09109127205,,,-1765.782426981652,,,,,,,,,,
101,0.000829,1584,-16318.86571863742,38735.09545552696,,,845.7123151098278,,,,,,,,,,
102,0.000837,52604,38033.06412676771,38205.37465024551,,,718.1548739304858,,,,,,,,,,
103,0.000846,1040,-21949.93473096376,37589.93738863604,,,-1522.4672514272856,,,,,,,,,,
104,0.000854,3328,-14980.152639970003,36854.00139510693,,,932.31799272064,,,,,,,,,,
105,0.000862,57165,35849.93790314757,36065.06940204924,,,390.0060336719908,,,,,,,,,,
106,0.00087,1104,-20843.531288657647,35182.701769872765,,,-1196.733417008281,,,,,,,,,,
107,0.000878,8642,-13741.33589397771,34176.96360308266,,,861.6449813905894,,,,,,,,,,
108,0.000887,59950,32912.59793962268,33100.89811995841,,,131.47009434959477,,,,,,,,,,
109,0.000895,1280,-18594.549696182785,31889.395137122232,,,-814.3472292849509,,,,,,,,,,
110,0.000903,14659,-12883.116321716108,30492.81761981785,,,698.6958135483052,,,,,,,,,,
111,0.000911,59262,28895.72878044237,28968.201564825227,,,-85.39058109485624,,,,,,,,,,
112,0.00092,8017,-14714.382393587464,27288.704715968404,,,-420.7736338695801,,,,,,,,,,
113,0.000928,17988,-12419.593363231952,25447.57047328614,,,505.99572272818926,,,,,,,,,,
114,0.000936,54765,23522.11468113286,23530.531131702304,,,-264.0454605380701,,,,,,,,,,
115,0.000944,22821,-9251.262219940096,21532.34735764656,,,-69.17387753392929,,,,,,,,,,
116,0.000952,19428,-12064.246690962698,19459.367901601247,,,323.68183338998585,,,,,,,,,,
117,0.000961,46123,16986.26528545145,17432.870183169453,,,-390.3695401547898,,,,,,,,,,
118,0.000969,31159,-2955.0145407083187,15518.929484083748,,,202.27174528671185,,,,,,,,,,
119,0.000977,20148,-11481.009659258689,13771.940289613252,,,167.50138957489187,,,,,,,,,,
120,0.000985,38985,10055.882445063788,12327.278570150673,,,-454.164288215491,,,,,,,,,,
121,0.000993,36760,3048.2220856818763,11253.150990790731,,,382.25276585903424,,,,,,,,,,
122,0.001002,21029,-10533.069297956295,10546.680208373524,,,41.996748260205294,,,,,,,,,,
123,0.00101,34232,3767.5756982387934,10241.469092571311,,,-463.5427490185559,,,,,,,,,,
124,0.001018,39945,7770.993098297247,10303.218158365507,,,480.0957483370764,,,,,,,,,,
125,0.001026,22085,-9322.155857917958,10570.105056524066,,,-46.82481008313971,,,,,,,,,,
126,0.001034,31127,-1045.1217034781791,10922.321567478915,,,-440.4955103076845,,,,,,,,,,
127,0.001043,41882,10717.042234580147,11308.193194632826,,,511.2105983085752,,,,,,,,,,
128,0.001051,22965,-8041.615024542308,11632.31460982677,,,-91.76900419918994,,,,,,,,,,
129,0.001059,28646,-4071.801750421112,11855.300385495151,,,-404.7506403827729,,,,,,,,,,
130,0.001067,42682,11923.541676887666,12010.896750795524,,,489.3054758056215,,,,,,,,,,
131,0.001076,24325,-6807.773740644007,12052.46103239344,,,-94.95363858440004,,,,,,,,,,
132,0.001084,26966,-5537.727124156905,11953.506084372752,,,-363.2885320965799,,,,,,,,,,
133,0.001092,42858,11774.47828231617,11775.511622346688,,,430.129971832482,,,,,,,,,,
134,0.0011,25638,-5601.594560565322,11511.678806268572,,,-74.08024055607754,,,,,,,,,,
135,0.001108,26054,-5975.285515168235,11158.593837097373,,,-315.1090887530179,,,,,,,,,,
136,0.001117,42106,10759.10203896829,10782.19852695622,,,357.30039466485977,,,,,,,,,,
137,0.001125,27542,-4331.618677531678,10365.430008604948,,,-54.25172235620991,,,,,,,,,,
138,0.001133,25286,-5934.881871396399,9886.456298727708,,,-263.8904065530565,,,,,,,,,,
139,0.001141,40777,9303.427376062107,9409.312483656622,,,298.2608146392341,,,,,,,,,,
140,0.001149,28967,-2939.913171865926,8935.169356910255,,,-50.73800729572214,,,,,,,,,,
141,0.001158,25382,-5788.6937316416215,8450.722610084133,,,-222.77183575222745,,,,,,,,,,
142,0.001166,39385,7707.301254991267,8011.000266457928,,,269.59473241273383,,,,,,,,,,
143,0.001174,30135,-1466.822533604895,7602.3107984319,,,-59.0014561042457,,,,,,,,,,
144,0.001182,25734,-5680.79258793026,7190.5497983241485,,,-203.10432505528712,,,,,,,,,,
145,0.00119,37657,6153.724031020046,6827.177950148667,,,263.9420959485976,,,,,,,,,,
146,0.001199,31767,-41.550539257254094,6518.31267600154,,,-64.1571460270036,,,,,,,,,,
147,0.001207,25670,-5588.971603150824,6230.395500953315,,,-195.23837374590312,,,,,,,,,,
148,0.001215,36552,4743.023693971881,5994.31463021115,,,253.36324586111505,,,,,,,,,,
149,0.001223,32824,1180.4781361779812,5800.647085421722,,,-65.4260929552547,,,,,,,,,,
150,0.001231,26022,-5427.653414815727,5599.288394358017,,,-160.20595935095216,,,,,,,,,,
151,0.00124,35240,3521.440240262952,5422.180630046803,,,211.90682133705135,,,,,,,,,,
152,0.001248,33656,2088.331654844329,5284.375120606977,,,-95.32886667301167,,,,,,,,,,
153,0.001256,26598,-5131.1412819965135,5138.470460557462,,,-44.963166908583226,,,,,,,,,,
154,0.001264,33976,2496.444000694509,4997.664973213216,,,142.23301193533015,,,,,,,,,,
155,0.001273,34008,2655.6803353594423,4871.573660975558,,,-214.56048167660217,,,,,,,,,,
156,0.001281,27110,-4689.080770116209,4715.703021753197,,,186.14364804276792,,,,,,,,,,
157,0.001289,33480,1646.1271227700704,4555.30962093969,,,85.42155517173317,,,,,,,,,,
158,0.001297,34248,2936.049920540301,4422.48285543182,,,-483.3639619720505,,,,,,,,,,
159,0.001305,27414,-4139.402905071573,4275.17432472569,,,525.5486633097925,,,,,,,,,,
160,0.001314,32359,931.8096639991514,4119.8285700448505,,,106.9887078041597,,,,,,,,,,
161,0.001322,34792,3025.5939223154123,3982.6174684363937,,,-929.6614193958388,,,,,,,,,,
162,0.00133,28054,-3541.5335596359014,3828.9545216903,,,918.4621071783866,,,,,,,,,,
163,0.001338,31767,314.382552690725,3675.425676644026,,,271.13550234212533,,,,,,,,,,
164,0.001346,34472,3018.8558153509825,3560.9560041642594,,,-1533.8428714683994,,,,,,,,,,
165,0.001355,28695,-2950.0822078088245,3447.4774456118544,,,1278.7429876162687,,,,,,,,,,
166,0.001363,31383,-232.22940310752583,3328.938920653422,,,619.6211492819702,,,,,,,,,,
167,0.001371,34696,2977.448319641536,3237.428745225794,,,-2233.0219141061366,,,,,,,,,,
168,0.001379,29127,-2398.5764774728877,3145.240919432499,,,1511.927891118512,,,,,,,,,,
169,0.001387,30823,-715.1901519870049,3053.596612373591,,,1160.0443033650563,,,,,,,,,,
170,0.001396,34536,2918.9075949215558,2999.962899845272,,,-2933.92898617779,,,,,,,,,,
171,0.001404,29623,-1895.6744225175323,2949.9242689265884,,,1537.4465969316611,,,,,,,,,,
172,0.001412,30567,-1124.3618562123957,2882.574962071962,,,1857.36043363298,,,,,,,,,,
173,0.00142,34280,2824.084962756523,2831.994231366616,,,-3526.607096745946,,,,,,,,,,
174,0.001429,30279,-1432.028676250747,2779.621092160791,,,1311.5369594153276,,,,,,,,,,
175,0.001437,29959,-1439.1378630774518,2712.5450228729846,,,2626.083000670985,,,,,,,,,,
176,0.001445,34280,2656.4859638853777,2665.520209144004,,,-3902.8157851815968,,,,,,,,,,
177,0.001453,30439,-993.0434819521524,2613.6244247719687,,,851.3171900401485,,,,,,,,,,
178,0.001461,29847,-1637.5710224243255,2528.43255067836,,,,,,,,,,,,,
179,0.00147,34008,2385.1189847844703,2446.3143405827755,,,,,,,,,,,,,
180,0.001478,31207,-571.9087550311956,2361.837637043229,,,,,,,,,,,,,
181,0.001486,30199,-1705.3417580148457,2255.0689661468605,,,,,,,,,,,,,
182,0.001494,33640,2003.299473727655,2158.43924181644,,,,,,,,,,,,,
183,0.001502,31127,-177.56425755662164,2060.258651928357,,,,,,,,,,,,,
184,0.001511,29879,-1643.3861983931608,1930.0945428290631,,,,,,,,,,,,,
185,0.001519,33336,1537.74410902268,1804.0920446013083,,,,,,,,,,,,,
186,0.001527,31831,166.77240794947602,1691.0585747940547,,,,,,,,,,,,,
187,0.001535,30087,-1473.39842267903,1566.210129892635,,,,,,,,,,,,,
188,0.001543,32551,1044.0556267056777,1454.2477240287164,,,,,,,,,,,,,
189,0.001552,32151,435.78600308566007,1357.5818425329935,,,,,,,,,,,,,
190,0.00156,30439,-1238.3196783879675,1245.0557305067864,,,,,,,,,,,,,
191,0.001568,32007,587.8422621160523,1144.4875100115742,,,,,,,,,,,,,
192,0.001576,32231,619.0817254801016,1077.7550421912993,,,,,,,,,,,,,
193,0.001585,30631,-993.2020100703884,1013.9655942292304,,,,,,,,,,,,,
194,0.001593,31655,218.60236137689253,958.3829387082628,,,,,,,,,,,,,
195,0.001601,32407,730.778499396014,927.2345475682624,,,,,,,,,,,,,
196,0.001609,30695,-787.1476177934568,892.78727667786,,,,,,,,,,,,,
197,0.001617,31799,-48.85176262810207,863.5597321122166,,,,,,,,,,,,,
198,0.001626,32327,803.4859680444348,868.0818226281303,,,,,,,,,,,,,
199,0.001634,30983,-645.9208338994491,875.8806967493947,,,,,,,,,,,,,
200,0.001642,31191,-233.938812018956,874.2505399189114,,,,,,,,,,,,,
201,0.00165,32391,870.6176300963908,890.436312697899,,,,,,,,,,,,,
202,0.001658,31047,-566.189749886514,906.5187597461136,,,,,,,,,,,,,
203,0.001667,31399,-372.1076660927513,916.8883419793888,,,,,,,,,,,,,
204,0.001675,32551,949.091502540745,951.810018638185,,,,,,,,,,,,,
205,0.001683,31047,-524.5831550166173,987.6811977048364,,,,,,,,,,,,,
206,0.001691,31207,-491.1558807238932,1004.8601869477696,,,,,,,,,,,,,
207,0.001699,32711,1033.0573335032957,1033.0602596839512,,,,,,,,,,,,,
208,0.001708,31063,-495.1896351923714,1060.3336250252478,,,,,,,,,,,,,
209,0.001716,30935,-596.5711045500217,1074.6090021076338,,,,,,,,,,,,,
210,0.001724,32808,1101.270622740522,1104.6724068279782,,,,,,,,,,,,,
211,0.001732,31159,-464.01362567240034,1131.537528408776,,,,,,,,,,,,,
212,0.001741,30999,-673.6427675468608,1133.112735649191,,,,,,,,,,,,,
213,0.001749,32599,1131.54128245751,1139.2290033027462,,,,,,,,,,,,,
214,0.001757,31351,-431.6332346714679,1142.1079816911229,,,,,,,,,,,,,
215,0.001765,30871,-702.4938369152391,1127.6673066273063,,,,,,,,,,,,,
216,0.001773,32695,1112.1381279064572,1124.2480025889936,,,,,,,,,,,,,
217,0.001782,31111,-404.6922297597213,1116.5558522160013,,,,,,,,,,,,,
218,0.00179,30887,-674.4999787224431,1083.1506921068772,,,,,,,,,,,,,
219,0.001798,32647,1044.7376192077725,1054.2840974698263,,,,,,,,,,,,,
220,0.001806,31367,-384.6566786220154,1023.9227185671856,,,,,,,,,,,,,
221,0.001814,30855,-600.1809116509264,978.738628382647,,,,,,,,,,,,,
222,0.001823,32679,940.2898046467848,947.1388603715828,,,,,,,,,,,,,
223,0.001831,31223,-362.19891773404737,914.405318388694,,,,,,,,,,,,,
224,0.001839,31127,-505.4137116440028,860.6317536642491,,,,,,,,,,,,,
225,0.001847,32519,812.0264392477986,814.9688715889771,,,,,,,,,,,,,
226,0.001855,31143,-320.4125233830738,769.9852977099054,,,,,,,,,,,,,
227,0.001864,31399,-418.97205332150446,713.7622965301581,,,,,,,,,,,,,
228,0.001872,32215,669.7354751718455,673.310096897714,,,,,,,,,,,,,
229,0.00188,31303,-244.62759130233735,633.547379212835,,,,,,,,,,,,,
230,0.001888,31287,-358.6402277302728,575.2823928434769,,,,,,,,,,,,,
231,0.001897,32119,518.1658459995891,525.83382153933,,,,,,,,,,,,,
232,0.001905,31415,-132.52121241838077,480.9561335104425,,,,,,,,,,,,,
233,0.001913,31287,-323.9969160414332,428.5531606130519,,,,,,,,,,,,,
234,0.001921,31831,359.49000191619723,391.9655597002868,,,,,,,,,,,,,
235,0.001929,31767,2.334952927398048,363.3450654439508,,,,,,,,,,,,,
236,0.001938,31223,-299.4868839022623,321.3057384502443,,,,,,,,,,,,,
237,0.001946,31783,196.9084371157784,289.3282493830154,,,,,,,,,,,,,
238,0.001954,31879,135.6509789678643,279.2095047765272,,,,,,,,,,,,,
239,0.001962,31351,-264.58555710159607,270.9919985818561,,,,,,,,,,,,,
240,0.00197,31607,36.86097015743062,266.62420655358113,,,,,,,,,,,,,
241,0.001979,31815,242.06497103815332,275.8253060825778,,,,,,,,,,,,,
242,0.001987,31351,-204.6922203936532,280.7366554398922,,,,,,,,,,,,,
243,0.001995,31639,-110.05844337004118,283.10647864559627,,,,,,,,,,,,,
244,0.002003,31767,303.13655551638715,303.1409493137624,,,,,,,,,,,,,
245,0.002011,31463,-118.30154144345263,322.81910483829336,,,,,,,,,,,,,
246,0.00202,31463,-228.86351994380087,324.58202913190155,,,,,,,,,,,,,
247,0.002028,32167,311.21572083753153,330.43359987944467,,,,,,,,,,,,,
248,0.002036,31415,-18.649601129805287,339.75969451096967,,,,,,,,,,,,,
249,0.002044,31383,-302.25315338811043,337.5646165899543,,,,,,,,,,,,,
250,0.002053,31639,270.14461347542067,339.6701154644772,,,,,,,,,,,,,
251,0.002061,32071,71.2131160005623,342.90446549408534,,,,,,,,,,,,,
252,0.002069,31223,-316.6742377514513,324.8816945368088,,,,,,,,,,,,,
253,0.002077,31655,193.2977376985941,304.49685662841205,,,,,,,,,,,,,
254,0.002085,31639,128.90704360746068,293.0605226378132,,,,,,,,,,,,,
255,0.002094,31271,-269.824887147421,270.1112829001171,,,,,,,,,,,,,
256,0.002102,31879,98.98614333338732,243.10581765913733,,,,,,,,,,,,,
257,0.00211,31783,143.45011515748075,220.96144946998425,,,,,,,,,,,,,
258,0.002118,31287,-174.55944596923038,184.78463021481213,,,,,,,,,,,,,
259,0.002126,31719,5.05033307469888,146.5336313677302,,,,,,,,,,,,,
260,0.002135,31735,120.19054881909376,127.54087028952064,,,,,,,,,,,,,
261,0.002143,31591,-56.38788576228888,113.8356362918158,,,,,,,,,,,,,
262,0.002151,31591,-75.52101289994035,98.13493736815768,,,,,,,,,,,,,
263,0.002159,31687,77.78253332213012,98.7174625576528,,,,,,,,,,,,,
264,0.002167,31671,55.463450305701656,119.49820762515591,,,,,,,,,,,,,
265,0.002176,31399,-137.35381797091404,140.41887122532364,,,,,,,,,,,,,
266,0.002184,31495,38.30701440301388,159.69310258002054,,,,,,,,,,,,,
267,0.002192,31943,140.40566155621232,185.67651682980883,,,,,,,,,,,,,
268,0.0022,31431,-182.2315287936225,199.864445759496,,,,,,,,,,,,,
269,0.002208,31591,14.444992088585416,208.8951833615264,,,,,,,,,,,,,
270,0.002217,31927,195.11164088290988,231.3802678122036,,,,,,,,,,,,,
271,0.002225,31271,-213.84183322222933,247.483235797755,,,,,,,,,,,,,
272,0.002233,31639,1.0817633757774543,254.3637510638569,,,,,,,,,,,,,
273,0.002241,31703,231.26062400584857,268.21738455399594,,,,,,,,,,,,,
274,0.00225,31575,-230.3000436395132,273.14903081202834,,,,,,,,,,,,,
275,0.002258,31783,-21.43554206722327,272.52857161533353,,,,,,,,,,,,,
276,0.002266,31735,262.57212535197334,285.5323418808486,,,,,,,,,,,,,
277,0.002274,31207,-221.11847929636488,294.3637339415424,,,,,,,,,,,,,
278,0.002282,31527,-72.2549930036667,292.5940217264491,,,,,,,,,,,,,
279,0.002291,32071,290.4616032837085,297.28667463060464,,,,,,,,,,,,,
280,0.002299,31511,-173.15493594725922,298.5660958848161,,,,,,,,,,,,,
281,0.002307,31351,-152.6334262286966,294.0943106683986,,,,,,,,,,,,,
282,0.002315,31767,299.43304751087896,301.7407944210057,,,,,,,,,,,,,
283,0.002323,31623,-82.4134768328754,309.9411936392238,,,,,,,,,,,,,
284,0.002332,31623,-238.47228295556107,304.0215809801001,,,,,,,,,,,,,
285,0.00234,31815,265.80482952049675,301.1317245866244,,,,,,,,,,,,,
286,0.002348,31543,36.50385694446074,303.23742199354814,,,,,,,,,,,,,
287,0.002356,31159,-288.43604138340385,297.041581661293,,,,,,,,,,,,,
288,0.002364,31975,174.61722003293494,291.5325565972248,,,,,,,,,,,,,
289,0.002373,31863,150.00103363910455,287.93115457484686,,,,,,,,,,,,,
290,0.002381,31287,-264.503651406517,270.15086770372267,,,,,,,,,,,,,
291,0.002389,31543,35.001474885256364,249.4511435620105,,,,,,,,,,,,,
292,0.002397,31927,216.78972316408283,241.55705662079907,,,,,,,,,,,,,
293,0.002406,31431,-155.08139770982575,233.23402700640997,,,,,,,,,,,,,
294,0.002414,31767,-116.594441466108,219.4728127823557,,,,,,,,,,,,,
295,0.002422,31559,207.58711587917287,216.04421741352712,,,,,,,,,,,,,
296,0.00243,31607,12.816014713930944,223.8968885570635,,,,,,,,,,,,,
297,0.002438,31351,-230.375552360738,234.4150392859176,,,,,,,,,,,,,
298,0.002447,31943,123.17685433439335,252.0967301896908,,,,,,,,,,,,,
299,0.002455,31767,181.6823422017124,275.9196932700581,,,,,,,,,,,,,
300,0.002463,31175,-268.7130939015792,289.44823218120894,,,,,,,,,,,,,
301,0.002471,31559,-0.6993181995694611,298.06341280621325,,,,,,,,,,,,,
302,0.002479,32087,290.395264413229,314.4829501858397,,,,,,,,,,,,,
303,0.002488,31271,-228.8945529404305,322.7781482749346,,,,,,,,,,,,,
304,0.002496,31495,-107.85282114819825,315.9304108995048,,,,,,,,,,,,,
305,0.002504,32167,306.508848501708,308.1591161274672,,,,,,,,,,,,,
306,0.002512,31495,-147.17381975682162,292.8494453884372,,,,,,,,,,,,,
307,0.00252,31463,-150.70850713194056,266.6180463045905,,,,,,,,,,,,,
308,0.002529,31735,243.89219971242576,245.58234715885288,,,,,,,,,,,,,
309,0.002537,31751,-78.05951921414784,221.60979540287155,,,,,,,,,,,,,
310,0.002545,31607,-116.80640513921956,184.44251854516784,,,,,,,,,,,,,
311,0.002553,31735,152.3576578870245,152.91783313157234,,,,,,,,,,,,,
312,0.002562,31639,-60.99186850744171,125.69528507510324,,,,,,,,,,,,,
313,0.00257,31783,-34.31234523913556,99.20055190814084,,,,,,,,,,,,,
314,0.002578,31607,85.40902433701493,96.33463200030768,,,,,,,,,,,,,
315,0.002586,31687,-97.36172108954668,103.42240921107746,,,,,,,,,,,,,
316,0.002594,31527,47.45194148337108,116.305883241788,,,,,,,,,,,,,
317,0.002603,31703,68.45123494790653,140.01896524502848,,,,,,,,,,,,,
318,0.002611,31543,-153.16212493122242,153.21898920241722,,,,,,,,,,,,,
319,0.002619,31735,88.36160394857228,163.58628452385986,,,,,,,,,,,,,
320,0.002627,31959,88.38821708284064,178.98186025367815,,,,,,,,,,,,,
321,0.002635,31095,-183.6744778679944,184.02838776050783,,,,,,,,,,,,,
322,0.002644,31975,78.20487524886455,182.91884408335625,,,,,,,,,,,,,
323,0.002652,31847,109.2739641603302,181.34258969455323,,,,,,,,,,,,,
324,0.00266,31543,-162.12991876344887,165.7614202376242,,,,,,,,,,,,,
325,0.002668,31463,35.53057695443455,144.3122153705486,,,,,,,,,,,,,
326,0.002676,31719,100.94437649992295,129.2872283877679,,,,,,,,,,,,,
327,0.002685,31815,-93.35188227917816,108.5171516596024,,,,,,,,,,,,,
328,0.002693,31735,-11.67587538279486,81.68658799905033,,,,,,,,,,,,,
329,0.002701,31671,60.0218086010988,60.97687598314989,,,,,,,,,,,,,
330,0.002709,31607,-5.9243453873862535,46.77685489446659,,,,,,,,,,,,,
331,0.002718,31607,-47.30297311831941,47.364038473580166,,,,,,,,,,,,,
332,0.002726,31639,10.635577439331154,59.98832526765742,,,,,,,,,,,,,
333,0.002734,31799,67.45505250001797,79.51348973979971,,,,,,,,,,,,,
334,0.002742,31623,-75.49205542159724,93.22970672354084,,,,,,,,,,,,,
335,0.00275,31623,-11.681050544217026,102.07219927382336,,,,,,,,,,,,,
336,0.002759,31783,106.54447669521764,118.89383627002356,,,,,,,,,,,,,
337,0.002767,31383,-113.58137474256289,132.11131885475805,,,,,,,,,,,,,
338,0.002775,31991,19.59586224597588,141.51710407072505,,,,,,,,,,,,,
339,0.002783,31511,109.44881710302536,160.81358026125713,,,,,,,,,,,,,
340,0.002791,31719,-177.24218459406106,178.20869028455235,,,,,,,,,,,,,
341,0.0028,31639,107.5659801894039,201.04433618046275,,,,,,,,,,,,,
342,0.002808,31895,89.06591149963407,237.7028193260977,,,,,,,,,,,,,
343,0.002816,31383,-267.08359284265623,273.0590739067431,,,,,,,,,,,,,
344,0.002824,31767,227.83661142248707,312.8362860380884,,,,,,,,,,,,,
345,0.002832,31815,64.61662138341819,356.71381981752194,,,,,,,,,,,,,
346,0.002841,31511,-362.72016634470265,389.311598013635,,,,,,,,,,,,,
347,0.002849,31783,335.4543331275559,419.5317166725144,,,,,,,,,,,,,
348,0.002857,31655,51.89155012203768,448.76684266890993,,,,,,,,,,,,,
349,0.002865,30999,-426.9906341764875,464.47148332553286,,,,,,,,,,,,,
350,0.002873,32295,381.508344135202,473.7297363496793,,,,,,,,,,,,,
351,0.002882,31799,55.54176913128577,474.66745776365656,,,,,,,,,,,,,
352,0.00289,30999,-420.22713876876793,454.74865327206106,,,,,,,,,,,,,
353,0.002898,32007,333.9179571425298,424.36659515513225,,,,,,,,,,,,,
354,0.002906,31719,67.48436228610483,387.22448163802073,,,,,,,,,,,,,
355,0.002915,31463,-319.2636445237604,334.1258527524664,,,,,,,,,,,,,
356,0.002923,31831,192.30789822734243,273.5224243298632,,,,,,,,,,,,,
357,0.002931,31735,72.57493898072528,208.0536089667393,,,,,,,,,,,,,
358,0.002939,31559,-130.89669752541616,131.02754338567627,,,,,,,,,,,,,
359,0.002947,31943,-10.78574108010379,65.96004883226358,,,,,,,,,,,,,
360,0.002956,31607,57.3287843446661,84.86746729542281,,,,,,,,,,,,,
361,0.002964,31927,107.67235634430564,161.10879685387005,,,,,,,,,,,,,
362,0.002972,31127,-221.87858451947508,239.56724649803468,,,,,,,,,,,,,
363,0.00298,31607,16.90530647380124,314.926744357529,,,,,,,,,,,,,
364,0.002988,31991,340.5170952167204,392.6374522631105,,,,,,,,,,,,,
365,0.002997,31431,-385.8292227990238,460.1133951743614,,,,,,,,,,,,,
366,0.003005,31703,-41.27335942731352,513.3423187622474,,,,,,,,,,,,,
367,0.003013,32103,510.9837798503032,559.4169861976035,,,,,,,,,,,,,
368,0.003021,31063,-465.6431506909012,590.0448529019945,,,,,,,,,,,,,
369,0.003029,31703,-97.9031224216892,605.3936743824555,,,,,,,,,,,,,
370,0.003038,32343,580.059843783488,615.5019382612221,,,,,,,,,,,,,
371,0.003046,31111,-455.9621814010436,611.841052442198,,,,,,,,,,,,,
372,0.003054,31607,-127.67196792047665,591.7298112870815,,,,,,,,,,,,,
373,0.003062,32263,540.0307178860351,565.4870757792629,,,,,,,,,,,,,
374,0.003071,31367,-383.9996852811854,528.5377980448949,,,,,,,,,,,,,
375,0.003079,31607,-110.96495700880752,482.2479566991893,,,,,,,,,,,,,
376,0.003087,31911,418.0554688531044,438.6819334744755,,,,,,,,,,,,,
377,0.003095,31607,-295.38247026900626,391.8944733446561,,,,,,,,,,,,,
378,0.003103,31431,-46.48168592633558,341.22340985101806,,,,,,,,,,,,,
379,0.003112,31991,265.573150033272,298.5786188975506,,,,,,,,,,,,,
380,0.00312,31495,-230.8750990160093,259.4261910870581,,,,,,,,,,,,,
381,0.003128,31623,44.36673838620176,227.7327988114212,,,,,,,,,,,,,
382,0.003136,32087,136.2347833142984,213.95067393344783,,,,,,,,,,,,,
383,0.003144,31303,-207.1726433280868,207.2266168675868,,,,,,,,,,,,,
384,0.003153,32103,126.52642200916934,208.4933506505465,,,,,,,,,,,,,
385,0.003161,31527,63.07317350803853,217.76709520834424,,,,,,,,,,,,,
386,0.003169,31607,-212.92469927593703,221.85916229760184,,,,,,,,,,,,,
387,0.003177,31943,169.50151977238318,225.9132993661388,,,,,,,,,,,,,
388,0.003185,31671,47.18804819923303,231.7326681145628,,,,,,,,,,,,,
389,0.003194,31559,-221.17130224400807,230.81735847559423,,,,,,,,,,,,,
390,0.003202,31751,163.34222092853506,228.3264112000368,,,,,,,,,,,,,
391,0.00321,32023,63.81359635760331,224.86739499629215,,,,,,,,,,,,,
392,0.003218,31239,-208.92094383749085,212.44330706356317,,,,,,,,,,,,,
393,0.003227,31831,121.8220882273458,198.09001026848003,,,,,,,,,,,,,
394,0.003235,31767,81.13751142622881,186.4571158851108,,,,,,,,,,,,,
395,0.003243,31559,-170.38331660748273,170.3837761983052,,,,,,,,,,,,,
396,0.003251,31831,70.8610738415942,153.14083959359544,,,,,,,,,,,,,
397,0.003259,31767,79.04780055870187,137.8002724174082,,,,,,,,,,,,,
398,0.003268,31815,-115.83025231887676,117.22157020344716,,,,,,,,,,,,,
399,0.003276,31559,31.29309617766679,96.11435918348867,,,,,,,,,,,,,
400,0.003284,31751,55.91448147454887,80.57821952620644,,,,,,,,,,,,,
401,0.003292,31703,-59.94074936503854,63.27430016468676,,,,,,,,,,,,,
402,0.0033,31943,9.049239125126816,44.85907153839242,,,,,,,,,,,,,
403,0.003309,31575,21.99174137511774,30.195067232608555,,,,,,,,,,,,,
404,0.003317,31767,-11.54917154480736,12.808635582303197,,,,,,,,,,,,,
405,0.003325,31671,-1.6399493229853543,4.730309877447708,,,,,,,,,,,,,
406,0.003333,31927,-11.195939763737858,15.6511807557366,,,,,,,,,,,,,
407,0.003341,31543,26.90776460745252,27.51223798198243,,,,,,,,,,,,,
408,0.00335,31783,-8.478744738515308,39.283196810583306,,,,,,,,,,,,,
409,0.003358,31927,-35.50970024459961,46.743257422500456,,,,,,,,,,,,,
410,0.003366,31751,53.601789893483634,55.83773042910581,,,,,,,,,,,,,
411,0.003374,31719,-15.645758408710762,63.772814409479246,,,,,,,,,,,,,
412,0.003383,31591,-44.59843895174176,64.75439392304041,,,,,,,,,,,,,
413,0.003391,31783,65.17178547230684,65.93502344601674,,,,,,,,,,,,,
414,0.003399,31799,-25.850130852625817,66.14750320263747,,,,,,,,,,,,,
415,0.003407,31527,-33.66318842878828,62.37206974083748,,,,,,,,,,,,,
416,0.003415,32071,61.98834165710404,62.32409467490466,,,,,,,,,,,,,
417,0.003424,31623,-43.36372311937598,62.77867143905109,,,,,,,,,,,,,
418,0.003432,31575,-4.527088328238622,62.117544282111,,,,,,,,,,,,,
419,0.00344,31895,53.71589109915527,67.93600087283635,,,,,,,,,,,,,
420,0.003448,31623,-71.5298986631298,74.17123967105908,,,,,,,,,,,,,
421,0.003456,31831,29.660831393193792,82.06547992235444,,,,,,,,,,,,,
422,0.003465,31719,56.22134224733647,95.53528499351546,,,,,,,,,,,,,
423,0.003473,31591,-106.7651827087331,107.39969598933118,,,,,,,,,,,,,
424,0.003481,32071,48.42476358052693,118.6280880275522,,,,,,,,,,,,,
425,0.003489,31479,80.20761310283096,131.34494314809095,,,,,,,,,,,,,
426,0.003497,31703,-137.06407441002207,139.92921276952103,,,,,,,,,,,,,
427,0.003506,31847,36.64662356170632,147.30255733214562,,,,,,,,,,,,,
428,0.003514,32023,122.03815475624374,157.88508925355467,,,,,,,,,,,,,
429,0.003522,31447,-148.98834280478528,166.60279524048804,,,,,,,,,,,,,
430,0.00353,31719,-4.780894668858899,173.09868535392488,,,,,,,,,,,,,
431,0.003539,31911,166.34012396909483,181.07704996011597,,,,,,,,,,,,,
432,0.003547,31639,-136.96802713501705,187.14974977922049,,,,,,,,,,,,,
433,0.003555,31495,-61.23779726154798,191.5888523305595,,,,,,,,,,,,,
434,0.003563,31943,197.918358770124,199.071707835568,,,,,,,,,,,,,
435,0.003571,31847,-104.81864558372132,205.81529504570105,,,,,,,,,,,,,
436,0.00358,31383,-117.8441111192165,209.01126989229653,,,,,,,,,,,,,
437,0.003588,31991,210.7538338984955,213.3685365057246,,,,,,,,,,,,,
438,0.003596,31639,-57.91753927960123,218.2033533610204,,,,,,,,,,,,,
439,0.003604,31511,-170.3377885178815,221.68041547751375,,,,,,,,,,,,,
440,0.003612,31815,206.03715367802727,227.9336472965112,,,,,,,,,,,,,
441,0.003621,31607,4.142794597174805,235.8196943734236,,,,,,,,,,,,,
442,0.003629,31639,-222.36765532464736,241.77449826285783,,,,,,,,,,,,,
443,0.003637,31975,184.07787996824868,249.95883444341965,,,,,,,,,,,,,
444,0.003645,31431,84.52282062955103,261.9370485030658,,,,,,,,,,,,,
445,0.003653,31591,-273.01804387932543,274.02636955811886,,,,,,,,,,,,,
446,0.003662,31847,141.35608920693662,287.51368501829324,,,,,,,,,,,,,
447,0.00367,31975,177.76453669874962,302.7267407030585,,,,,,,,,,,,,
448,0.003678,31383,-309.0132874672385,315.2475169871245,,,,,,,,,,,,,
449,0.003686,31655,77.22531324456578,326.2787309433893,,,,,,,,,,,,,
450,0.003694,32151,262.5651590952523,337.79382805229613,,,,,,,,,,,,,
451,0.003703,31511,-311.36795696206576,345.19753325485954,,,,,,,,,,,,,
452,0.003711,31543,3.495324473350885,347.3865950768089,,,,,,,,,,,,,
453,0.003719,32007,308.3400476821308,346.19953528865386,,,,,,,,,,,,,
454,0.003727,31415,-272.2223859501549,338.6672708462793,,,,,,,,,,,,,
455,0.003736,31799,-53.32547316218652,325.067579812003,,,,,,,,,,,,,
456,0.003744,32247,293.20975158778447,308.7463136372677,,,,,,,,,,,,,
457,0.003752,31079,-208.3160049631845,287.3057314575672,,,,,,,,,,,,,
458,0.00376,31879,-62.52877406015064,260.5273380717708,,,,,,,,,,,,,
459,0.003768,31975,222.220304387252,232.8680376342687,,,,,,,,,,,,,
460,0.003777,31495,-157.4984209231834,204.64112575304975,,,,,,,,,,,,,
461,0.003785,31879,-11.232148311399522,178.93896250259613,,,,,,,,,,,,,
462,0.003793,31623,132.2975255072812,162.7137617536761,,,,,,,,,,,,,
463,0.003801,31799,-151.51529676584877,156.00900717930492,,,,,,,,,,,,,
464,0.003809,31623,71.53828574643819,158.86633739426344,,,,,,,,,,,,,
465,0.003818,31767,73.43728410034939,168.26733507680896,,,,,,,,,,,,,
466,0.003826,31767,-172.77421912207717,174.32797217357367,,,,,,,,,,,,,
467,0.003834,31799,106.24467547405924,171.94900465543915,,,,,,,,,,,,,
468,0.003842,31719,67.10161999939622,156.07608564184346,,,,,,,,,,,,,
469,0.00385,31895,-119.40195041188696,120.10491006898734,,,,,,,,,,,,,
470,0.003859,31655,-14.856914498695756,73.31374355326503,,,,,,,,,,,,,
471,0.003867,31799,59.67886141064838,105.82968168734658,,,,,,,,,,,,,
472,0.003875,32039,192.90740661653777,244.32009940960293,,,,,,,,,,,,,
473,0.003883,31159,-375.0627006188985,443.83724957006825,,,,,,,,,,,,,
474,0.003892,32055,-101.27010739244234,702.2068903069018,,,,,,,,,,,,,
475,0.0039,32423,979.2254691371014,1025.050584315244,,,,,,,,,,,,,
476,0.003908,30967,-971.1760796062592,1415.5956720659406,,,,,,,,,,,,,
477,0.003916,31175,-646.3351627881855,1877.2841505356823,,,,,,,,,,,,,
478,0.003924,33800,2397.725807558344,2413.9992603942537,,,,,,,,,,,,,
479,0.003933,30343,-1674.0487266687142,3025.1787790715107,,,,,,,,,,,,,
480,0.003941,29783,-1816.8970577519349,3709.077750786602,,,,,,,,,,,,,
481,0.003949,36328,4461.313317469672,4464.517904459341,,,,,,,,,,,,,
482,0.003957,29687,-2237.953980876298,5286.539500403337,,,,,,,,,,,,,
483,0.003965,27878,-3770.186955495946,6168.368070832841,,,,,,,,,,,,,
484,0.003974,38985,6987.651193983608,7103.127014585805,,,,,,,,,,,,,
485,0.003982,29527,-2365.92439688467,8080.343510224322,,,,,,,,,,,,,
486,0.00399,25142,-6488.796130072066,9087.851588389089,,,,,,,,,,,,,
487,0.003998,41546,9612.925298949296,10114.0000238535,,,,,,,,,,,,,
488,0.004006,30039,-1815.089751954857,11144.711941920352,,,,,,,,,,,,,
489,0.004015,22133,-9728.331643083708,12164.460629367804,,,,,,,,,,,,,
490,0.004023,43786,11872.311899963388,13158.24482857568,,,,,,,,,,,,,
491,0.004031,30679,-507.4598572523818,14109.645544497427,,,,,,,,,,,,,
492,0.004039,19252,-13029.985552616088,15001.852678579802,,,,,,,,,,,,,
493,0.004048,44970,13327.961592662525,15819.553923395506,,,,,,,,,,,,,
494,0.004056,33080,1397.9635411428849,16547.490542685748,,,,,,,,,,,,,
495,0.004064,16227,-15810.484134379887,17171.035076234795,,,,,,,,,,,,,
496,0.004072,45323,13706.3469106681,17677.710136234346,,,,,,,,,,,,,
497,0.00408,35240,3512.2729484945094,18056.560247294063,,,,,,,,,,,,,
498,0.004089,14019,-17516.671928055326,18298.77341391947,,,,,,,,,,,,,
499,0.004097,44938,12994.06068563624,18398.58066794316,,,,,,,,,,,,,
500,0.004105,37369,5319.6641648204895,18352.860478324143,,,,,,,,,,,,,
501,0.004113,13523,-17798.004882830337,18161.566708690345,,,,,,,,,,,,,
502,0.004121,43210,11445.88292531039,17827.924668000545,,,,,,,,,,,,,
503,0.00413,38457,6349.594912305398,17358.3064799519,,,,,,,,,,,,,
504,0.004138,14883,-16626.478168255497,16762.498818731994,,,,,,,,,,,,,
505,0.004146,41146,9490.9535309399,16052.847190900984,,,,,,,,,,,,,
506,0.004154,38313,6348.347783729291,15244.14597341806,,,,,,,,,,,,,
507,0.004162,17572,-14304.3114393711,14353.977031882929,,,,,,,,,,,,,
508,0.004171,39113,7572.957626349522,13401.0487332325,,,,,,,,,,,,,
509,0.004179,36921,5368.82616607351,12405.162951194943,,,,,,,,,,,,,
510,0.004187,20452,-11350.02886554189,11387.52916124428,,,,,,,,,,,,,
511,0.004195,37897,5998.219571709781,10368.192351441132,,,,,,,,,,,,,
512,0.004204,35272,3734.132700963744,9366.443454951272,,,,,,,,,,,,,
513,0.004212,23605,-8315.948793501873,8401.67497942412,,,,,,,,,,,,,
514,0.00422,36680,4861.67986713958,7490.206775980849,,,,,,,,,,,,,
515,0.004228,33208,1896.512382261919,6646.154320751161,,,,,,,,,,,,,
516,0.004236,26390,-5622.269096460493,5882.169509483203,,,,,,,,,,,,,
517,0.004245,35736,4075.09766474692,5205.3209269753725,,,,,,,,,,,,,
518,0.004253,32071,265.10724560918214,4619.057470889737,,,,,,,,,,,,,
519,0.004261,28070,-3475.1505699783183,4123.994823365978,,,,,,,,,,,,,
520,0.004269,35192,3466.5442383099567,3713.705589780623,,,,,,,,,,,,,
521,0.004277,30791,-917.2472105506708,3379.10694144662,,,,,,,,,,,,,
522,0.004286,29735,-1885.3988249631975,3109.402907862417,,,,,,,,,,,,,
523,0.004294,34664,2889.496413904305,2889.581439304065,,,,,,,,,,,,,
524,0.004302,30183,-1603.617169796939,2707.740940167986,,,,,,,,,,,,,
525,0.00431,30727,-753.8603632056165,2554.253577459726,,,,,,,,,,,,,
526,0.004318,34008,2286.318750566309,2419.415383400819,,,,,,,,,,,,,
527,0.004327,29863,-1886.799414124925,2299.7366903098527,,,,,,,,,,,,,
528,0.004335,31719,34.462467807469594,2192.7092276100893,,,,,,,,,,,,,
529,0.004343,33080,1685.0815831563125,2094.5535786957453,,,,,,,,,,,,,
530,0.004351,30023,-1904.9762565581143,2005.7269402461732,,,,,,,,,,,,,
531,0.00436,32215,555.6191555313738,1924.051408117245,,,,,,,,,,,,,
532,0.004368,32551,1148.5699650992242,1845.5240945879195,,,,,,,,,,,,,
533,0.004376,29863,-1765.782426981652,1770.256881251703,,,,,,,,,,,,,
534,0.004384,32471,845.7123151098278,1694.9654658950817,,,,,,,,,,,,,
535,0.004392,32599,718.1548739304858,1615.992312727441,,,,,,,,,,,,,
536,0.004401,29831,-1522.4672514272856,1533.9950540785176,,,,,,,,,,,,,
537,0.004409,32808,932.31799272064,1445.651124403328,,,,,,,,,,,,,
538,0.004417,31991,390.0060336719908,1348.7854094948532,,,,,,,,,,,,,
539,0.004425,30279,-1196.733417008281,1246.3092064998868,,,,,,,,,,,,,
540,0.004433,32231,861.6449813905894,1137.3848165297904,,,,,,,,,,,,,
541,0.004442,32023,131.47009434959477,1023.4504282852008,,,,,,,,,,,,,
542,0.00445,30727,-814.3472292849509,910.1404378921044,,,,,,,,,,,,,
543,0.004458,32231,698.6958135483052,797.7078190767525,,,,,,,,,,,,,
544,0.004466,31399,-85.39058109485624,689.3906699253479,,,,,,,,,,,,,
545,0.004474,31319,-420.7736338695801,592.4014522957673,,,,,,,,,,,,,
546,0.004483,32135,505.99572272818926,508.49619514088187,,,,,,,,,,,,,
547,0.004491,31319,-264.0454605380701,444.5989961752762,,,,,,,,,,,,,
548,0.004499,31527,-69.17387753392929,407.1152914297595,,,,,,,,,,,,,
549,0.004507,31911,323.68183338998585,392.3613566485024,,,,,,,,,,,,,
550,0.004515,31015,-390.3695401547898,399.40008453129167,,,,,,,,,,,,,
551,0.004524,31847,202.27174528671185,419.8650283919717,,,,,,,,,,,,,
552,0.004532,31943,167.50138957489187,443.7826873392198,,,,,,,,,,,,,
553,0.00454,30935,-454.164288215491,470.44313729886807,,,,,,,,,,,,,
554,0.004548,32039,382.25276585903424,494.2810057346954,,,,,,,,,,,,,
555,0.004557,31655,41.996748260205294,513.2067840038341,,,,,,,,,,,,,
556,0.004565,31239,-463.5427490185559,530.8137913622538,,,,,,,,,,,,,
557,0.004573,32023,480.0957483370764,542.9196537742487,,,,,,,,,,,,,
558,0.004581,31367,-46.82481008313971,548.9078345580023,,,,,,,,,,,,,
559,0.004589,31447,-440.4955103076845,552.272406651607,,,,,,,,,,,,,
560,0.004598,31911,511.2105983085752,549.2257970826606,,,,,,,,,,,,,
561,0.004606,31383,-91.76900419918994,541.1325814218796,,,,,,,,,,,,,
562,0.004614,31143,-404.7506403827729,532.3047617660967,,,,,,,,,,,,,
563,0.004622,32151,489.3054758056215,518.433405453449,,,,,,,,,,,,,
564,0.00463,31479,-94.95363858440004,499.9967796941718,,,,,,,,,,,,,
565,0.004639,31127,-363.2885320965799,480.66774442182935,,,,,,,,,,,,,
566,0.004647,32103,430.129971832482,456.75085019677766,,,,,,,,,,,,,
567,0.004655,31527,-74.08024055607754,430.64510069642057,,,,,,,,,,,,,
568,0.004663,31255,-315.1090887530179,407.617556586306,,,,,,,,,,,,,
569,0.004671,31847,357.30039466485977,383.5754037009415,,,,,,,,,,,,,
570,0.00468,31527,-54.25172235620991,359.31775616769346,,,,,,,,,,,,,
571,0.004688,31127,-263.8904065530565,339.2814138400136,,,,,,,,,,,,,
572,0.004696,31831,298.2608146392341,319.5398025505587,,,,,,,,,,,,,
573,0.004704,31735,-50.73800729572214,302.28767672269885,,,,,,,,,,,,,
574,0.004713,31271,-222.77183575222745,292.71698868296846,,,,,,,,,,,,,
575,0.004721,31719,269.59473241273383,285.22895429908937,,,,,,,,,,,,,
576,0.004729,31543,-59.0014561042457,279.50611396661714,,,,,,,,,,,,,
577,0.004737,31463,-203.10432505528712,278.4779421625575,,,,,,,,,,,,,
578,0.004745,31831,263.9420959485976,275.6119035687783,,,,,,,,,,,,,
579,0.004754,31319,-64.1571460270036,271.7054983101129,,,,,,,,,,,,,
580,0.004762,31463,-195.23837374590312,270.3488429947536,,,,,,,,,,,,,
581,0.00477,32055,253.36324586111505,264.0474596982168,,,,,,,,,,,,,
582,0.004778,31127,-65.4260929552547,251.9976867110048,,,,,,,,,,,,,
583,0.004786,31543,-160.20595935095216,237.3241666147503,,,,,,,,,,,,,
584,0.004795,31799,211.90682133705135,214.24897777009983,,,,,,,,,,,,,
585,0.004803,31591,-95.32886667301167,188.55155534155105,,,,,,,,,,,,,
586,0.004811,31319,-44.963166908583226,172.78007397438105,,,,,,,,,,,,,
587,0.004819,31655,142.23301193533015,174.5443331770895,,,,,,,,,,,,,
588,0.004827,31495,-214.56048167660217,214.96660796005244,,,,,,,,,,,,,
589,0.004836,31847,186.14364804276792,291.49912758748286,,,,,,,,,,,,,
590,0.004844,31367,85.42155517173317,392.3078642167868,,,,,,,,,,,,,
591,0.004852,31415,-483.3639619720505,518.8675000440871,,,,,,,,,,,,,
592,0.00486,32039,525.5486633097925,662.8239754756427,,,,,,,,,,,,,
593,0.004869,31639,106.9887078041597,821.8748452739335,,,,,,,,,,,,,
594,0.004877,30759,-929.6614193958388,1001.184416634424,,,,,,,,,,,,,
595,0.004885,32391,918.4621071783866,1192.6208652834907,,,,,,,,,,,,,
596,0.004893,32183,271.13550234212533,1391.8278542649807,,,,,,,,,,,,,
597,0.004901,29607,-1533.8428714683994,1603.0630283754156,,,,,,,,,,,,,
598,0.00491,33016,1278.7429876162687,1819.771188891831,,,,,,,,,,,,,
599,0.004918,32423,619.6211492819702,2039.243727188848,,,,,,,,,,,,,
600,0.004926,29191,-2233.0219141061366,2266.7763658541685,,,,,,,,,,,,,
601,0.004934,33080,1511.927891118512,2494.356706805922,,,,,,,,,,,,,
602,0.004942,32679,1160.0443033650563,2715.6759279965468,,,,,,,,,,,,,
603,0.004951,28823,-2933.92898617779,2935.819100770924,,,,,,,,,,,,,
604,0.004959,33272,1537.4465969316611,3149.6333491296887,,,,,,,,,,,,,
605,0.004967,33144,1857.36043363298,3352.354554285032,,,,,,,,,,,,,
606,0.004975,28390,-3526.607096745946,3549.4101028913865,,,,,,,,,,,,,
607,0.004983,32631,1311.5369594153276,3733.918759217994,,,,,,,,,,,,,
608,0.004992,34360,2626.083000670985,3897.393000367994,,,,,,,,,,,,,
609,0.005,27702,-3902.8157851815968,4045.479515603319,,,,,,,,,,,,,
610,0.005008,32663,851.3171900401485,4175.058741213035,,,,,,,,,,,,,
611,0.005016,34824,3333.1334644585645,4278.859316914262,,,,,,,,,,,,,
612,0.005025,27446,-3985.169646762495,4361.745272420534,,,,,,,,,,,,,
613,0.005033,32039,249.0762329956898,4418.964427328216,,,,,,,,,,,,,
614,0.005041,35544,3824.4786709323184,4440.697563524232,,,,,,,,,,,,,
615,0.005049,27878,-3760.458866093782,4433.51292704231,,,,,,,,,,,,,
616,0.005057,31191,-340.55732508188794,4398.066730762255,,,,,,,,,,,,,
617,0.005066,35624,3974.7506853952746,4326.7737964648695,,,,,,,,,,,,,
618,0.005074,28102,-3296.80595283758,4225.923626775626,,,,,,,,,,,,,
619,0.005082,30903,-747.7959824363562,4096.072480120826,,,,,,,,,,,,,
620,0.00509,35768,3738.515754581477,3929.917773875693,,,,,,,,,,,,,
621,0.005098,28919,-2725.677586529957,3737.993422430896,,,,,,,,,,,,,
622,0.005107,30727,-853.7565566593745,3527.5741647549626,,,,,,,,,,,,,
623,0.005115,34440,3173.1124900115738,3294.61229498948,,,,,,,,,,,,,
624,0.005123,30055,-2189.952797985789,3050.2350108473674,,,,,,,,,,,,,
625,0.005131,30871,-641.7953160948468,2801.638937412452,,,,,,,,,,,,,
626,0.005139,33880,2416.364168902361,2545.803830382227,,,,,,,,,,,,,
627,0.005148,29831,-1784.3880810667538,2298.6297388229773,,,,,,,,,,,,,
628,0.005156,31463,-203.6191282446092,2071.211200871576,,,,,,,,,,,,,
629,0.005164,33480,1630.5641259082,1861.8716364389995,,,,,,,,,,,,,
630,0.005172,29895,-1523.711432436011,1685.557704929939,,,,,,,,,,,,,
631,0.005181,31895,304.08059608595795,1545.4354099696716,,,,,,,,,,,,,
632,0.005189,32727,945.2027184024444,1433.2650858714428,,,,,,,,,,,,,
633,0.005197,30103,-1355.2843783338633,1357.8015356405162,,,,,,,,,,,,,
634,0.005205,32375,726.6815973821801,1309.2186831897873,,,,,,,,,,,,,
635,0.005213,32103,426.4781435622705,1273.896977317266,,,,,,,,,,,,,
636,0.005222,30231,-1202.8887969228203,1254.655865958416,,,,,,,,,,,,,
637,0.00523,33016,967.469692888746,1234.9190168621535,,,,,,,,,,,,,
638,0.005238,31527,79.35341561966789,1205.4879720206543,,,,,,,,,,,,,
639,0.005246,30759,-1012.5473620854488,1173.160541990785,,,,,,,,,,,,,
640,0.005254,32519,1010.55976400389,1127.499433549658,,,,,,,,,,,,,
641,0.005263,31399,-129.66925670066738,1070.6994306272138,,,,,,,,,,,,,
642,0.005271,31031,-777.0511193087758,1014.8622388624744,,,,,,,,,,,,,
643,0.005279,32407,908.4238799339272,950.8076494003662,,,,,,,,,,,,,
644,0.005287,31447,-245.3743379021696,882.0211200653382,,,,,,,,,,,,,
645,0.005295,31143,-531.6422778427109,818.8680203995947,,,,,,,,,,,,,
646,0.005304,32327,746.2518184420122,752.5256931850577,,,,,,,,,,,,,
647,0.005312,31287,-304.58321607610736,691.1150558057631,,,,,,,,,,,,,
648,0.00532,31239,-328.56329407328684,644.9127862683456,,,,,,,,,,,,,
649,0.005328,32231,602.0201469139542,602.4407784586435,,,,,,,,,,,,,
650,0.005336,31463,-329.5252840109524,568.8279603533977,,,,,,,,,,,,,
651,0.005345,31383,-206.523216768932,547.7339343799935,,,,,,,,,,,,,
652,0.005353,32023,518.7239323906302,525.5718652212189,,,,,,,,,,,,,
653,0.005361,31223,-331.5553234880426,510.4578551198597,,,,,,,,,,,,,
654,0.005369,31671,-170.32902935482548,507.54241455997465,,,,,,,,,,,,,
655,0.005378,32135,497.1144339258124,503.9968491100774,,,,,,,,,,,,,
656,0.005386,31159,-319.1719493264599,505.1334341727803,,,,,,,,,,,,,
657,0.005394,31255,-189.3993609304506,512.3043236014346,,,,,,,,,,,,,
658,0.005402,32295,507.7133634168428,511.512202199249,,,,,,,,,,,,,
659,0.00541,31447,-302.9457011292157,510.80047336297326,,,,,,,,,,,,,
660,0.005419,31175,-214.87383073166367,516.013020479662,,,,,,,,,,,,,
661,0.005427,32215,511.8511984643745,513.4447011367935,,,,,,,,,,,,,
662,0.005435,31287,-292.32762608135295,507.7082439499901,,,,,,,,,,,,,
663,0.005443,31655,-204.5468861079761,501.8142529058612,,,,,,,,,,,,,
664,0.005451,31799,478.2702805777337,481.69158426574455,,,,,,,,,,,,,
665,0.00546,31527,-287.8330507673635,456.8328667416313,,,,,,,,,,,,,
666,0.005468,31223,-139.73708130728116,434.5326709911941,,,,,,,,,,,,,
667,0.005476,31991,389.86680544284775,401.81565142415707,,,,,,,,,,,,,
668,0.005484,31255,-279.1663462725822,367.99236291978,,,,,,,,,,,,,
669,0.005492,31847,-26.377604532381827,336.5213797776717,,,,,,,,,,,,,
670,0.005501,31911,246.21308555965723,295.42922849502725,,,,,,,,,,,,,
671,0.005509,31079,-254.51633338560444,262.9777162268267,,,,,,,,,,,,,
672,0.005517,31735,113.30853648333736,242.7156154533946,,,,,,,,,,,,,
673,0.005525,31943,67.71285220175167,229.5221257377876,,,,,,,,,,,,,
674,0.005534,31511,-213.0746640093554,242.12022634224817,,,,,,,,,,,,,
675,0.005542,31639,247.6989181110281,263.59820118118546,,,,,,,,,,,,,
676,0.00555,31591,-102.88687248075586,288.12982134757493,,,,,,,,,,,,,
677,0.005558,31511,-167.31989213845142,320.5497676469365,,,,,,,,,,,,,
678,0.005566,31959,339.37978429716725,339.8476217167283,,,,,,,,,,,,,
679,0.005575,31287,-212.10590842064647,352.14167409353814,,,,,,,,,,,,,
680,0.005583,31543,-131.79919385286487,363.6902928157607,,,,,,,,,,,,,
681,0.005591,32135,353.7168347476736,358.1943782999759,,,,,,,,,,,,,
682,0.005599,31271,-221.56550657002327,342.9427311555749,,,,,,,,,,,,,
683,0.005607,31527,-110.47496566935035,321.3372869623893,,,,,,,,,,,,,
684,0.005616,32199,276.4375002533114,278.9571046744451,,,,,,,,,,,,,
685,0.005624,31399,-132.2431248697735,229.1571455218784,,,,,,,,,,,,,
686,0.005632,31383,-96.10689113182816,183.73325448511983,,,,,,,,,,,,,
687,0.00564,31831,129.42736871129566,134.4194897574889,,,,,,,,,,,,,
688,0.005648,31655,12.26301065670038,92.78431233453796,,,,,,,,,,,,,
689,0.005657,31783,-80.83575765480562,82.962604412842,,,,,,,,,,,,,
690,0.005665,31239,-31.83517013831172,110.5400210631416,,,,,,,,,,,,,
691,0.005673,31991,147.1326029894708,147.47177589256842,,,,,,,,,,,,,
692,0.005681,31655,-64.74508244505128,181.4452007112028,,,,,,,,,,,,,
693,0.00569,31415,-143.04958412868248,213.00791948935648,,,,,,,,,,,,,
694,0.005698,31959,216.8528083527188,225.24412720582663,,,,,,,,,,,,,
695,0.005706,31479,-52.77387678723061,224.12185595115176,,,,,,,,,,,,,
696,0.005714,31559,-162.96084874723903,223.02580389969785,,,,,,,,,,,,,
697,0.005722,31879,195.4053219192493,205.6708615090621,,,,,,,,,,,,,
698,0.005731,31703,-44.465252626544405,173.88356259005468,,,,,,,,,,,,,
699,0.005739,31591,-91.5380690555323,140.10614162835836,,,,,,,,,,,,,
700,0.005747,31367,88.87468928501939,89.49073195420739,,,,,,,,,,,,,
701,0.005755,31575,-28.77755267600028,36.45445716394441,,,,,,,,,,,,,
702,0.005763,31783,34.64723819793727,34.74797333142495,,,,,,,,,,,,,
703,0.005772,31815,-73.28718299036905,85.25998675006127,,,,,,,,,,,,,
704,0.00578,31463,9.518098788501897,148.46102196427017,,,,,,,,,,,,,
705,0.005788,31719,162.7679759103167,202.8559459517812,,,,,,,,,,,,,
706,0.005796,31431,-248.84475691868184,262.490563034436,,,,,,,,,,,,,
707,0.005804,31719,77.20920097911826,320.3885275208782,,,,,,,,,,,,,
708,0.005813,31719,245.44135692813472,359.45489483434886,,,,,,,,,,,,,
709,0.005821,31335,-392.2279926418015,397.4583883809464,,,,,,,,,,,,,
710,0.005829,31831,165.3527497140559,429.963053811075,,,,,,,,,,,,,
711,0.005837,32007,254.92819246211985,446.6154933382937,,,,,,,,,,,,,
712,0.005846,30951,-466.0455817028529,466.1214469922953,,,,,,,,,,,,,
713,0.005854,31863,252.76811373764932,477.6370662005126,,,,,,,,,,,,,
714,0.005862,32023,190.03923169914304,469.7072957209663,,,,,,,,,,,,,
715,0.00587,31111,-454.2685748139038,462.94481563670246,,,,,,,,,,,,,
716,0.005878,31863,315.28382125712005,447.9294754490273,,,,,,,,,,,,,
717,0.005887,31671,76.86976356017364,422.2355857209315,,,,,,,,,,,,,
718,0.005895,31239,-369.2719613436983,407.4681096355386,,,,,,,,,,,,,
719,0.005903,32055,333.7284407868762,386.8682329021975,,,,,,,,,,,,,
720,0.005911,31511,-39.391524276369225,357.7398659909062,,,,,,,,,,,,,
721,0.005919,31207,-246.0949345755545,337.10665088109664,,,,,,,,,,,,,
722,0.005928,32135,298.97180120807394,305.6317968141765,,,,,,,,,,,,,
723,0.005936,31399,-112.25765399703124,270.9701024496556,,,,,,,,,,,,,
724,0.005944,31655,-126.2893268869535,248.17604016173627,,,,,,,,,,,,,
725,0.005952,31783,214.9849453143225,215.2014837132284,,,,,,,,,,,,,
726,0.00596,31463,-114.6506336047433,180.62465774046493,,,,,,,,,,,,,
727,0.005969,31815,-40.09508503371548,151.0319043335362,,,,,,,,,,,,,
728,0.005977,31703,99.4208779573074,104.62798782853211,,,,,,,,,,,,,
729,0.005985,31527,-52.26963117069546,60.328437793984016,,,,,,,,,,,,,
730,0.005993,31703,4.229651978583997,24.930997984196114,,,,,,,,,,,,,
731,0.006002,31623,-19.301710029717825,20.049697045255144,,,,,,,,,,,,,
732,0.00601,31687,37.93712510608541,55.86513787444477,,,,,,,,,,,,,
733,0.006018,31687,18.772702066423296,80.95361083796023,,,,,,,,,,,,,
734,0.006026,31463,-108.91356303105177,115.95619765474903,,,,,,,,,,,,,
735,0.006034,31847,105.45629666401906,141.26744399987265,,,,,,,,,,,,,
736,0.006043,31671,23.828397726361903,148.44010232404747,,,,,,,,,,,,,
737,0.006051,31319,-144.26383951321412,156.49682240415976,,,,,,,,,,,,,
738,0.006059,32071,112.49769840054768,150.5114488367183,,,,,,,,,,,,,
739,0.006067,31463,34.32707072561939,131.39848581798947,,,,,,,,,,,,,
740,0.006075,31559,-119.65840737233091,121.95284745356724,,,,,,,,,,,,,
741,0.006084,31799,54.1324379096878,107.83225591385435,,,,,,,,,,,,,
742,0.006092,31399,54.63585739438314,80.46429685498869,,,,,,,,,,,,,
743,0.0061,31879,-55.59526988775378,64.69197083916356,,,,,,,,,,,,,
744,0.006108,31415,-40.921285952475344,73.8900715982412,,,,,,,,,,,,,
745,0.006116,32119,83.89873939850429,94.87929614151844,,,,,,,,,,,,,
746,0.006125,31511,7.570794793749286,114.60321242596784,,,,,,,,,,,,,
747,0.006133,31287,-130.27680197821343,143.09152236914272,,,,,,,,,,,,,
748,0.006141,31927,124.3507224932371,163.16239765260957,,,,,,,,,,,,,
749,0.006149,31815,29.95275136318337,174.79412110262743,,,,,,,,,,,,,
750,0.006157,31415,-185.2246991178613,201.4340115650623,,,,,,,,,,,,,
751,0.006166,31559,181.83547451392585,222.7759771520121,,,,,,,,,,,,,
752,0.006174,31815,-3.601834675433456,234.0325068607059,,,,,,,,,,,,,
753,0.006182,31511,-205.33329988950112,257.55420435847225,,,,,,,,,,,,,
754,0.00619,31943,255.567972615442,271.8711478972319,,,,,,,,,,,,,
755,0.006199,31479,-72.54051859990533,283.5444511709785,,,,,,,,,,,,,
756,0.006207,31383,-209.4963307439368,313.02804844846065,,,,,,,,,,,,,
757,0.006215,32215,327.33474960806376,333.30564047959734,,,,,,,,,,,,,
758,0.006223,31303,-133.62051795244273,347.4334783917765,,,,,,,,,,,,,
759,0.006231,31671,-212.6956655590172,367.1411756065117,,,,,,,,,,,,,
760,0.00624,32039,363.8885246067592,365.7562794386736,,,,,,,,,,,,,
761,0.006248,31207,-149.95695046798008,356.05677068528684,,,,,,,,,,,,,
762,0.006256,31735,-209.5317611226734,355.5076924541244,,,,,,,,,,,,,
763,0.006264,31767,334.67338757263053,338.501426000587,,,,,,,,,,,,,
764,0.006272,31863,-114.99817936014172,310.7436442798429,,,,,,,,,,,,,
765,0.006281,31191,-178.1440717251689,285.200278745179,,,,,,,,,,,,,
766,0.006289,31767,232.99277308748705,237.97418988082805,,,,,,,,,,,,,
767,0.006297,31719,-54.88348657726346,182.98654113799904,,,,,,,,,,,,,
768,0.006305,31543,-100.61229173245204,142.38898496480817,,,,,,,,,,,,,
769,0.006313,31831,85.39850983719077,92.25495491734956,,,,,,,,,,,,,
770,0.006322,31767,-9.239606325096508,34.85591806356336,,,,,,,,,,,,,
771,0.00633,31447,16.562457578458137,16.851445046272786,,,,,,,,,,,,,
772,0.006338,31735,-57.58737378641064,66.82756076163416,,,,,,,,,,,,,
773,0.006346,31671,-5.042459244715561,122.2262638245251,,,,,,,,,,,,,
774,0.006355,31831,137.56701584044836,151.32739717324435,,,,,,,,,,,,,
775,0.006363,31655,-144.34420218045776,177.42547355262937,,,,,,,,,,,,,
776,0.006371,31447,-40.7000263064965,207.1823134352873,,,,,,,,,,,,,
777,0.006379,32007,212.6004704820832,217.6794818182687,,,,,,,,,,,,,
778,0.006387,31575,-146.3805076835268,223.4777618351833,,,,,,,,,,,,,
779,0.006396,31463,-89.20649557082655,228.1562274374194,,,,,,,,,,,,,
780,0.006404,32039,205.2158591727774,205.21624510056984,,,,,,,,,,,,,
781,0.006412,31287,-71.43818101768858,175.30532937700477,,,,,,,,,,,,,
782,0.00642,31671,-117.27938905139573,160.55176010613104,,,,,,,,,,,,,
783,0.006428,31831,115.6829170790775,140.81439817502402,,,,,,,,,,,,,
784,0.006437,31623,41.42264440066014,115.9200390018835,,,,,,,,,,,,,
785,0.006445,31495,-108.30820093767184,109.7682124376505,,,,,,,,,,,,,
786,0.006453,31687,-14.445311525065147,123.74869233102598,,,,,,,,,,,,,
787,0.006461,32007,142.61121213738448,142.79343644593598,,,,,,,,,,,,,
788,0.006469,31671,-74.65019400763619,166.4173491841691,,,,,,,,,,,,,
789,0.006478,31303,-121.6823833582144,196.60772289603756,,,,,,,,,,,,,
790,0.006486,31991,197.41653707661683,204.01345968086832,,,,,,,,,,,,,
791,0.006494,31527,-50.02541340208153,201.622522559288,,,,,,,,,,,,,
792,0.006502,31495,-154.58956552017287,213.7739201943843,,,,,,,,,,,,,
793,0.006511,31799,200.399252707923,210.2384471945673,,,,,,,,,,,,,
794,0.006519,31735,-65.04081210856745,195.13174301721932,,,,,,,,,,,,,
795,0.006527,31655,-101.75238511931477,191.9403540234758,,,,,,,,,,,,,
796,0.006535,31623,169.64995811279215,170.44537583456056,,,,,,,,,,,,,
797,0.006543,31799,-122.40018157079864,156.87046931223563,,,,,,,,,,,,,
798,0.006552,31495,4.556094058285268,167.31155738087662,,,,,,,,,,,,,
799,0.00656,31767,127.1578746032998,168.83744712684978,,,,,,,,,,,,,
800,0.006568,31239,-190.89455520707796,191.8027438763927,,,,,,,,,,,,,
801,0.006576,31799,110.46126153888116,218.08614089355103,,,,,,,,,,,,,
802,0.006584,32007,82.16505152239961,220.79388157433635,,,,,,,,,,,,,
803,0.006593,31207,-223.94354247154195,233.14756418416712,,,,,,,,,,,,,
804,0.006601,31831,171.90537174494887,232.51350481360384,,,,,,,,,,,,,
805,0.006609,31655,30.05789394293399,214.3405875095825,,,,,,,,,,,,,
806,0.006617,31351,-189.6372944967461,214.03014462227796,,,,,,,,,,,,,
807,0.006625,32023,174.7609264829414,200.87704953242556,,,,,,,,,,,,,
808,0.006634,31607,-35.41811307125883,172.39611500084405,,,,,,,,,,,,,
809,0.006642,31447,-91.02532964222674,161.926356386597,,,,,,,,,,,,,
810,0.00665,31863,134.2803678379532,135.66425711163697,,,,,,,,,,,,,
811,0.006658,31303,-109.65695680609136,124.23522235320408,,,,,,,,,,,,,
812,0.006667,32135,35.94393471674123,139.3221883546109,,,,,,,,,,,,,
813,0.006675,31447,79.74926404844166,145.14815341340827,,,,,,,,,,,,,
814,0.006683,31479,-175.538365736168,177.97133247930006,,,,,,,,,,,,,
815,0.006691,31895,142.92298578663105,208.6496545910543,,,,,,,,,,,,,
816,0.006699,31655,37.67071828084468,216.85194655496508,,,,,,,,,,,,,
817,0.006708,31447,-213.27591088409517,236.4707262323588,,,,,,,,,,,,,
818,0.006716,31671,192.8071979865045,238.78025990918653,,,,,,,,,,,,,
819,0.006724,31639,23.388065223330425,225.29221565064012,,,,,,,,,,,,,
820,0.006732,31559,-212.59730536704484,232.49497972456533,,,,,,,,,,,,,
821,0.00674,31527,172.3873194165164,228.1827406670027,,,,,,,,,,,,,
822,0.006749,31815,41.013230911089565,201.2375901049961,,,,,,,,,,,,,
823,0.006757,31383,-177.13921421170767,185.2531066371121,,,,,,,,,,,,,
824,0.006765,31751,91.48464662814038,161.21934749657848,,,,,,,,,,,,,
825,0.006773,31783,85.11776875730942,130.7024534773322,,,,,,,,,,,,,
826,0.006781,31479,-119.62741544138188,129.32525712841016,,,,,,,,,,,,,
827,0.00679,31783,-24.16146286288664,143.20923080043863,,,,,,,,,,,,,
828,0.006798,31543,140.91573844320246,141.02613358548174,,,,,,,,,,,,,
829,0.006806,31639,-54.7750191979066,147.7016250565759,,,,,,,,,,,,,
830,0.006814,31607,-139.90608498989158,185.07817774512245,,,,,,,,,,,,,
831,0.006823,31831,186.34504277572583,214.1243155430898,,,,,,,,,,,,,
832,0.006831,31591,3.834196481521453,226.4516503156512,,,,,,,,,,,,,
833,0.006839,31431,-219.7578835568051,249.68573573939395,,,,,,,,,,,,,
834,0.006847,31927,200.10769293681352,253.24387410433184,,,,,,,,,,,,,
835,0.006855,31703,43.89106611396581,240.4551006105312,,,,,,,,,,,,,
836,0.006864,31287,-237.83966470415484,250.6752966672361,,,,,,,,,,,,,
837,0.006872,32023,172.94052257882726,249.11888134587605,,,,,,,,,,,,,
838,0.00688,31863,57.23516931413001,219.19525065638416,,,,,,,,,,,,,
839,0.006888,31255,-191.33903218976843,200.87982326070065,,,,,,,,,,,,,
840,0.006896,31623,112.98102472182453,169.81082870886996,,,,,,,,,,,,,
841,0.006905,31703,46.914519654732985,123.65130328084796,,,,,,,,,,,,,
842,0.006913,31671,-105.1887004265249,106.21404196190412,,,,,,,,,,,,,
843,0.006921,31719,39.340115534787685,88.48949479723372,,,,,,,,,,,,,
844,0.006929,31575,31.27764147311805,46.19768427890853,,,,,,,,,,,,,
845,0.006937,31767,-21.087430570054284,21.947268168094965,,,,,,,,,,,,,
846,0.006946,31623,-30.74014496662204,36.48697249849221,,,,,,,,,,,,,
847,0.006954,31623,36.96049634127674,65.82666006633765,,,,,,,,,,,,,
848,0.006962,31783,23.934973211889325,71.25150309853619,,,,,,,,,,,,,
849,0.00697,31559,-89.54936217978133,96.88860111891212,,,,,,,,,,,,,
850,0.006978,31799,82.66598617698583,112.70685236197583,,,,,,,,,,,,,
851,0.006987,31655,14.974834475429782,116.53733521260912,,,,,,,,,,,,,
852,0.006995,31511,-136.03259537830482,157.11511129454752,,,,,,,,,,,,,
853,0.007003,31943,165.18521168305668,189.5495962104604,,,,,,,,,,,,,
854,0.007011,31527,-37.68922540949725,207.4177843981456,,,,,,,,,,,,,
855,0.00702,31511,-167.41080684346468,248.72060676861912,,,,,,,,,,,,,
856,0.007028,31847,257.89131477716654,263.16624813849484,,,,,,,,,,,,,
857,0.007036,31479,-109.0065929604488,271.0253011973987,,,,,,,,,,,,,
858,0.007044,31687,-174.166412388556,308.76265639721925,,,,,,,,,,,,,
859,0.007052,31975,322.92643198942443,323.96978941278536,,,,,,,,,,,,,
860,0.007061,31623,-174.1902190900296,331.4568070694614,,,,,,,,,,,,,
861,0.007069,31335,-143.37781087124972,352.62220681844235,,,,,,,,,,,,,
862,0.007077,32023,329.9782420215459,333.2519791100582,,,,,,,,,,,,,
863,0.007085,31479,-219.08346371338,311.6474525207595,,,,,,,,,,,,,
864,0.007093,31655,-68.67225352099155,313.18582410807795,,,,,,,,,,,,,
865,0.007102,31991,271.44413221674176,288.43312487319537,,,,,,,,,,,,,
866,0.00711,31479,-241.42038416811565,277.1351031977495,,,,,,,,,,,,,
867,0.007118,31527,40.025623537060426,280.96247182723226,,,,,,,,,,,,,
868,0.007126,31895,166.28045979665256,249.4402957915717,,,,,,,,,,,,,
869,0.007134,31367,-244.90441214521263,245.303455925867,,,,,,,,,,,,,
870,0.007143,32023,154.27438180138245,246.7175636331182,,,,,,,,,,,,,
871,0.007151,31799,51.16746612640932,231.52288914057837,,,,,,,,,,,,,
872,0.007159,31143,-231.78414853617943,258.93518796973143,,,,,,,,,,,,,
873,0.007167,32135,235.3319678227247,274.8230190426283,,,,,,,,,,,,,
874,0.007176,31543,-36.20696858136519,267.01432488750214,,,,,,,,,,,,,
875,0.007184,31895,-199.05369472406613,281.00873242878845,,,,,,,,,,,,,
876,0.007192,31463,249.97199128741937,259.16933763780725,,,,,,,,,,,,,
877,0.0072,31367,-74.06253486682819,223.31574242447607,,,,,,,,,,,,,
878,0.007208,31623,-140.7404912792153,220.9461235542574,,,,,,,,,,,,,
879,0.007217,32039,187.6833061404136,193.149847751274,,,,,,,,,,,,,
880,0.007225,31687,-65.93787727205165,151.61590651444726,,,,,,,,,,,,,
881,0.007233,31335,-56.43585249941513,132.3542447629975,,,,,,,,,,,,,
882,0.007241,31911,71.36589295393905,72.17717290585934,,,,,,,,,,,,,
883,0.007249,31783,-36.226579007838296,37.38093638042658,,,,,,,,,,,,,
884,0.007258,31431,37.99845767045184,39.46462695200824,,,,,,,,,,,,,
885,0.007266,31511,-47.77282472244641,54.67443816302226,,,,,,,,,,,,,
886,0.007274,31735,-12.092593511674185,99.79324683954076,,,,,,,,,,,,,
887,0.007282,31879,108.47031839395858,112.79890175442914,,,,,,,,,,,,,
888,0.00729,31511,-114.45052517541828,134.3298914593555,,,,,,,,,,,,,
889,0.007299,31431,-4.433090553596614,162.97416506644691,,,,,,,,,,,,,
890,0.007307,31975,118.24878556719646,133.17010947298527,,,,,,,,,,,,,
891,0.007315,31511,-100.19427752960416,107.64935948181942,,,,,,,,,,,,,
892,0.007323,31399,-3.958924645759234,95.4046066413659,,,,,,,,,,,,,
893,0.007332,31847,53.67114000723392,53.83018398104054,,,,,,,,,,,,,
894,0.00734,31559,-19.421798500415477,21.172870558172647,,,,,,,,,,,,,
895,0.007348,31831,5.3408989377049405,7.082892233835667,,,,,,,,,,,,,
896,0.007356,31559,-60.32844875299031,64.67943848423555,,,,,,,,,,,,,
897,0.007364,31479,80.37509195192183,123.91782177022004,,,,,,,,,,,,,
898,0.007373,31975,28.788125103273227,142.4477556104027,,,,,,,,,,,,,
899,0.007381,31335,-168.91889390687888,186.52987620666804,,,,,,,,,,,,,
900,0.007389,32103,146.7800410987843,203.61822973715908,,,,,,,,,,,,,
901,0.007397,31511,54.32406729331895,192.63101031813943,,,,,,,,,,,,,
902,0.007405,31495,-216.47654270020632,224.23226797199047,,,,,,,,,,,,,
903,0.007414,31975,151.24838485605918,239.42511945665535,,,,,,,,,,,,,
904,0.007422,31751,60.9999252963638,203.24741506566784,,,,,,,,,,,,,
905,0.00743,31271,-178.9789735619221,190.6116576356408,,,,,,,,,,,,,
906,0.007438,31751,102.30681410655274,155.3839724597242,,,,,,,,,,,,,
907,0.007446,31959,36.5039326672779,93.02427135812884,,,,,,,,,,,,,
908,0.007455,31543,-79.79153905036316,82.94388960431239,,,,,,,,,,,,,
909,0.007463,31687,35.903316603919144,67.42638426383904,,,,,,,,,,,,,
910,0.007471,31671,-9.351848574816552,14.904141208730689,,,,,,,,,,,,,
911,0.007479,31751,23.20935148447565,49.99955905718224,,,,,,,,,,,,,
912,0.007488,31735,-9.833463602637112,47.90052549170206,,,,,,,,,,,,,
913,0.007496,31191,-48.1187394277007,90.64574467926232,,,,,,,,,,,,,
914,0.007504,32167,73.07707410635277,76.69988808791283,,,,,,,,,,,,,
915,0.007512,31559,-16.41290317244805,46.83574404473536,,,,,,,,,,,,,
916,0.00752,31591,-53.860068515321366,70.57673407794088,,,,,,,,,,,,,
917,0.007529,31815,47.936587971448056,75.58007444228019,,,,,,,,,,,,,
918,0.007537,31559,11.853245829444072,35.772983251433345,,,,,,,,,,,,,
919,0.007545,31783,-25.688751611286555,30.47808573561144,,,,,,,,,,,,,
920,0.007553,31511,-30.03177589919987,46.32663088109548,,,,,,,,,,,,,
921,0.007561,31863,60.9942786322472,90.60235501098096,,,,,,,,,,,,,
922,0.00757,31735,8.540126141091397,94.79171742289296,,,,,,,,,,,,,
923,0.007578,31319,-114.69960797794006,141.7364216414399,,,,,,,,,,,,,
924,0.007586,31751,120.75579587751594,151.50393469854214,,,,,,,,,,,,,
925,0.007594,32023,12.550491249557137,136.91668461081028,,,,,,,,,,,,,
926,0.007602,31351,-167.065014934665,192.48929513966112,,,,,,,,,,,,,
927,0.007611,31847,185.08267811646303,226.33118856591443,,,,,,,,,,,,,
928,0.007619,31559,-29.50951470034957,219.40834214931144,,,,,,,,,,,,,
929,0.007627,31703,-173.64731010419953,262.3232970208076,,,,,,,,,,,,,
930,0.007635,31975,241.9369932204642,248.3779369797743,,,,,,,,,,,,,
931,0.007644,31447,-99.03465431051605,222.77157578142743,,,,,,,,,,,,,
932,0.007652,31559,-142.7225443324945,267.2182099558368,,,,,,,,,,,,,
933,0.00766,31927,267.06960511364963,268.89867590200504,,,,,,,,,,,,,
934,0.007668,31351,-154.8131258475578,261.8677159574304,,,,,,,,,,,,,
935,0.007676,31751,-88.75092720539327,294.1194667334277,,,,,,,,,,,,,
936,0.007685,31815,232.9764756907778,238.89750999298008,,,,,,,,,,,,,
937,0.007693,31575,-160.469200763874,190.7314192968617,,,,,,,,,,,,,
938,0.007701,31479,-22.064271401528615,189.40820630466013,,,,,,,,,,,,,
939,0.007709,31879,128.66567268545484,132.83313854334622,,,,,,,,,,,,,
940,0.007717,31607,-106.38510229931792,110.01101429356235,,,,,,,,,,,,,
941,0.007726,31543,49.12590055753888,117.02475723564676,,,,,,,,,,,,,
942,0.007734,31911,-25.824946958509003,68.94060476957553,,,,,,,,,,,,,
943,0.007742,31607,-12.00149635565812,146.99776611755,,,,,,,,,,,,,
944,0.00775,31767,111.45047534929157,140.97316767428643,,,,,,,,,,,,,
945,0.007758,31239,-183.8097577436379,183.96247979098632,,,,,,,,,,,,,
946,0.007767,31831,89.38489851943805,233.86859456602045,,,,,,,,,,,,,
947,0.007775,32039,146.0150497751183,225.89626229613503,,,,,,,,,,,,,
948,0.007783,31255,-294.7976098473573,294.8146897834338,,,,,,,,,,,,,
949,0.007791,31735,169.24843289051208,360.6105465126061,,,,,,,,,,,,,
950,0.007799,31815,139.2452109850069,324.3532680839848,,,,,,,,,,,,,
951,0.007808,31399,-330.78838347799774,344.7595293521934,,,,,,,,,,,,,
952,0.007816,31751,213.1051385378423,335.2028008765795,,,,,,,,,,,,,
953,0.007824,31847,96.02831844734926,269.8906162528965,,,,,,,,,,,,,
954,0.007832,31319,-298.65708373900515,311.3755782636305,,,,,,,,,,,,,
955,0.007841,31943,219.2996558713769,335.2454491408617,,,,,,,,,,,,,
956,0.007849,31575,41.87783461050024,269.12927648024936,,,,,,,,,,,,,
957,0.007857,31255,-232.9438031534415,285.15759258121767,,,,,,,,,,,,,
958,0.007865,32103,194.64028845541665,238.10159819042613,,,,,,,,,,,,,
959,0.007873,31623,10.309594756792618,151.45201648106183,,,,,,,,,,,,,
960,0.007882,31527,-176.44874934261955,201.4056957254575,,,,,,,,,,,,,
961,0.00789,31815,151.7932274192448,229.0191372422544,,,,,,,,,,,,,
962,0.007898,31575,23.73171203180273,166.41373088810866,,,,,,,,,,,,,
963,0.007906,31703,-159.8019715511846,199.4066023978682,,,,,,,,,,,,,
964,0.007914,31703,107.29335505132023,172.54470761280567,,,,,,,,,,,,,
965,0.007923,31735,79.53153270306572,112.86003065493595,,,,,,,,,,,,,
966,0.007931,31591,-188.2981142948092,188.325399233636,,,,,,,,,,,,,
967,0.007939,31719,78.02220204517675,282.6140549875436,,,,,,,,,,,,,
968,0.007947,31767,148.76553068437246,221.21001803675404,,,,,,,,,,,,,
969,0.007955,31415,-240.9249416821408,242.92187998539472,,,,,,,,,,,,,
970,0.007964,31751,76.44741470294707,272.650267330139,,,,,,,,,,,,,
971,0.007972,31815,188.927800671619,220.50096250314525,,,,,,,,,,,,,
972,0.00798,31463,-282.1730041582505,286.0213888634621,,,,,,,,,,,,,
973,0.007988,31511,105.8398251714543,383.6571539561474,,,,,,,,,,,,,
974,0.007997,32167,165.84997332478886,280.4462230893008,,,,,,,,,,,,,
975,0.008005,31319,-280.6087544487426,299.13021991619075,,,,,,,,,,,,,
976,0.008013,31751,156.85667119294757,277.73665120941746,,,,,,,,,,,,,
977,0.008021,31991,73.51376803160291,149.44708157267198,,,,,,,,,,,,,
978,0.008029,31159,-224.02347907282203,247.3604359726153,,,,,,,,,,,,,
979,0.008038,32007,208.26462966502757,309.9106190320823,,,,,,,,,,,,,
980,0.008046,31543,-60.4127105002795,215.78174491124932,,,,,,,,,,,,,
981,0.008054,31511,-123.86104010830392,354.588664624413,,,,,,,,,,,,,
982,0.008062,32279,234.5384019104704,235.54864742928712,,,,,,,,,,,,,
983,0.00807,31175,-187.5336404997193,187.7143430418785,,,,,,,,,,,,,
984,0.008079,31671,-8.931688987719015,276.6139604095361,,,,,,,,,,,,,
985,0.008087,32023,218.5936559390092,219.23492163663903,,,,,,,,,,,,,
986,0.008095,31319,-262.43755326639047,269.897942324125,,,,,,,,,,,,,
987,0.008103,31895,86.63187460992808,470.24585627757455,,,,,,,,,,,,,
988,0.008111,31703,162.1643444199266,253.12601424347736,,,,,,,,,,,,,
989,0.00812,31351,-263.37550920589285,347.15151803339626,,,,,,,,,,,,,
990,0.008128,32071,136.18655953601186,276.4920922286602,,,,,,,,,,,,,
991,0.008136,31447,86.32023583081687,110.08805187391238,,,,,,,,,,,,,
992,0.008144,31479,-200.19046070729203,219.39944708145828,,,,,,,,,,,,,
993,0.008153,31799,130.3351924327929,489.20280541140016,,,,,,,,,,,,,
994,0.008161,31639,21.775862938559317,78.98219026015184,,,,,,,,,,,,,
995,0.008169,31623,-107.90373648456436,526.8437066804042,,,,,,,,,,,,,
996,0.008177,31495,79.6068004101978,200.3579900996332,,,,,,,,,,,,,
997,0.008185,31911,-4.90622734073374,604.3969814242624,,,,,,,,,,,,,
998,0.008194,31783,-29.699545121612967,414.9800292219384,,,,,,,,,,,,,
999,0.008202,31335,8.34192961229036,1096.4052779513315,,,,,,,,,,,,,
